run_id,workload,intensity,N,rep,runtime_ms,avg_cpu_percent,max_mem_mib,blk_read_mib,blk_write_mib,exit_code
d162fd85-bfd0-4d49-aedf-adf7ad884f95,cpu,low,2000000,2,2763.0122309999997,21.70562233750749,11.1640625,0.0,0.0,0
3da06abf-45f8-4e37-aa9c-4176cd43d282,mem,med,192,26,2434.1659240000004,11.38024311608102,203.6328125,0.0,0.0,0
9c17a7ba-6a84-4d1e-bb67-38b8d4e6fc97,cpu,high,12000000,3,5538.756147,61.00709094821249,11.265625,0.0,0.78125,0
eb48b315-5ef3-4010-b157-4f3a8da96c8d,mix,low,64,17,3192.848135,29.807211610457628,11.328125,0.0,32.0,0
a34cb1ac-ae7f-4b07-978a-7d8a7f101dfb,disk,high,320,21,2766.343315,10.807913767565038,343.609375,0.0,320.78125,0
6500ee85-4004-4882-8d87-9a6c8ccc1c20,cpu,high,12000000,5,5490.485295,60.823257336490144,11.2578125,0.0,0.78125,0
bff876a7-d7ce-40dd-915e-e689b492486a,cpu,med,6000000,15,3826.922681,44.50168299598316,11.3203125,0.0,0.0,0
f0a19890-e5bb-4f24-a334-178d73aad2fc,disk,med,192,18,2417.154169,6.683437989676695,212.05078125,0.0,192.0,0
a996efb1-089b-4e40-8549-c55e65ff0062,mix,low,64,19,3147.843712,30.536998909302902,11.49609375,0.0,32.0,0
a332a4c1-e7a3-44c9-b42a-c076ef084abc,disk,low,64,12,2271.140918,3.898128878676651,80.04296875,0.0,64.0,0
21e17b20-e1f7-44df-aa85-1cb667493957,mem,low,64,17,2305.753569,4.943719985195,75.25390625,0.0,0.0,0
400ad190-ca58-44b3-8d21-77487df39c28,cpu,high,12000000,28,5453.377828,61.10227651734238,11.26171875,0.0,0.78125,0
dfad10da-aa45-41ec-a2be-e27e43843960,mem,high,320,0,2563.242127,16.12641254783809,331.93359375,0.0,0.0,0
897aef1c-2085-45a5-97a4-bc663fb7602c,mix,high,320,13,6866.098664,67.421067283399,178.36328125,0.0,160.0,0
5eb8741a-abaa-4906-97b3-8bd5ea0a6ba7,mix,high,320,15,6856.312177000001,67.09739698598324,179.10546875,0.0,160.0,0
94c06bac-a9c8-4fd0-a2bd-cc3d86e41636,cpu,low,2000000,18,2725.104877,21.720705320215828,11.12109375,0.0,0.0,0
768cc839-6a36-452a-91bc-f283dcedcffb,cpu,high,12000000,21,5460.12524,60.12164292407329,11.33203125,0.0,0.78125,0
ae5df0ed-9ec0-4311-ba98-93ce2c5c7da8,mix,high,320,17,7009.374449,67.12268026530138,179.10546875,0.0,160.0,0
b0291c57-114e-4dc8-aa1b-1560dfa167db,cpu,high,12000000,29,5608.411901,60.696094725015456,11.15625,0.0,0.78125,0
f9fee85f-e660-4404-ab7a-4c72219d6bb7,cpu,low,2000000,15,2759.009576,21.51018268158414,11.296875,0.0,0.0,0
fd92124f-0a95-4712-9cb1-4ea15d5f6247,disk,high,320,22,2561.609657,9.518663365969656,343.8515625,0.0,320.0,0
18de7153-1a7a-4c8d-a43d-cf7f8c31db9a,mem,med,192,20,2425.170231,10.126010820227654,203.609375,0.0,0.0,0
a3b11c5b-63bf-41db-bf4c-68ec0c327776,mix,med,192,22,5026.5319899999995,55.89732653825208,113.06640625,0.0,96.0,0
50a88399-38d5-45b7-bdf9-a75351c06b6f,mem,low,64,25,2352.341495,4.961099408740396,75.30078125,0.0,0.0,0
df09fbc5-79de-4ab0-b714-e689cbfbff6c,mix,med,192,18,5055.393727000001,55.791025433616035,113.21875,0.0,96.0,0
5bbf5de5-84f5-41f7-b163-e3559f5a9dc1,cpu,high,12000000,26,5490.514012000001,60.58285240198017,11.1328125,0.0,0.78125,0
2bdaa8d3-c4ef-47fe-adec-ab90b30c4889,disk,low,64,13,2337.358881,3.8994439724637218,80.0546875,0.0,64.0,0
57b6c214-6658-4398-adf0-be812b043c88,mix,high,320,18,6893.490999,67.60664517696573,177.03125,0.0,160.0,0
f70fb0d5-0e65-4e57-b93b-2c717e8dab99,mem,high,320,15,2534.262573,15.326746491789034,331.92578125,0.0,0.0,0
edb2beea-74c3-4099-860e-92f055f24d14,cpu,low,2000000,16,2760.724815,21.275427264922815,11.515625,0.0,0.0,0
1b3389bd-fa29-427e-9561-ac7cfb19ef8c,mem,high,320,16,2528.448827,15.210116016320704,331.9921875,0.0,0.0,0
acb6879b-8aa4-4910-88b5-c64bd9f055cb,disk,high,320,10,2549.734686,9.494517266021145,343.84375,0.0,320.0,0
d69e4286-ec36-484c-8b3c-d4a211d6ff76,mem,high,320,19,2517.329107,15.338638040067758,331.75390625,0.0,0.0,0
d08dff06-1690-415a-a30d-12a04b2f2505,mix,med,192,21,5060.071784,55.68845898412259,112.6015625,0.0,96.0,0
f61df976-c77e-4279-9332-687d1ce42f37,mem,high,320,5,2547.874908,15.412452109285422,331.83984375,0.0,0.0,0
92a66e4a-a501-4cfa-999d-e32bb0e13efd,cpu,med,6000000,2,3860.654141,43.683814669893266,11.3203125,0.0,0.0,0
f42866a4-6529-4245-9c55-8b1f3fd928af,mem,low,64,20,2276.4474790000004,5.745047984039169,75.29296875,0.0,0.0,0
96d93ee6-6f41-4faa-8666-76be41561a98,mem,med,192,24,2449.873474,10.38388319641033,203.59375,0.0,0.0,0
72573868-c215-4b04-9580-cefedc0cc149,mem,med,192,4,2442.456612,10.237725361075933,203.58984375,0.0,0.0,0
44c3bbf2-a6f3-4aaf-9242-6e0409414b01,disk,med,192,28,2410.2449699999997,6.834533503870355,211.8203125,0.0,192.0,0
76bfc089-48be-4ba2-ae8b-c2476b779729,mix,med,192,29,5061.205331,55.92353629013436,111.05859375,0.0,96.0,0
e40b20a8-108a-4aad-afa9-b81b7c54da8a,mix,high,320,10,7043.956428,67.62270676555639,179.09375,0.0,160.0,0
2ff59988-76ac-42e4-9d35-343d90f2cd64,disk,med,192,17,2432.021209,6.972184262723672,211.8125,0.0,192.0,0
bb3d1c05-86c0-493a-9e0b-8babc89f7bde,mix,med,192,23,5064.058371,55.37904175946948,113.1875,0.0,96.0,0
53e050de-8aca-4303-b2f3-dec3214adb63,mix,med,192,24,5098.1437590000005,56.72137030061337,107.3125,0.0,96.0,0
13f4108d-aa6d-415f-9e89-53717b3be555,cpu,high,12000000,1,5614.532209,60.46313163113247,11.15234375,0.0,0.78125,0
c140cc5e-bf91-466b-8317-5744eb6abaa3,cpu,med,6000000,28,3839.996896,44.82224977298523,11.26171875,0.0,0.0,0
960a2fd3-1e73-485e-b17c-0aec3ef75808,cpu,high,12000000,8,5499.311623,61.11712211293977,11.2890625,0.0,0.78125,0
cf5e0275-cee0-4946-89f7-79fd5cddf408,mix,low,64,15,3209.528784,30.50394827055709,46.23046875,0.0,32.0,0
bb0782cd-df6b-48d0-9ade-becfea43f428,cpu,high,12000000,12,5524.407508,61.15933690820695,11.16015625,0.0,0.78125,0
c4e0c063-4ee1-47c5-b4fd-68af33b86d0b,mem,high,320,8,2577.2752379999997,14.966309935112953,331.9609375,0.0,0.0,0
cfd071f1-41c7-468b-816b-77f52e39e20b,mix,low,64,23,3193.685306,30.82391988185451,45.08984375,0.0,32.0,0
eb8b6792-abea-487d-a13f-950c85d41553,disk,med,192,4,2415.5034450000003,6.729363203205864,212.046875,0.0,192.0,0
3b61eef4-9e18-40ca-a469-c186f53b9ff7,disk,high,320,0,2603.501593,10.813936152640565,343.609375,0.0,320.0,0
0278c9d1-7def-4ff4-9d88-f37c64cc4f70,mix,low,64,6,3257.6855720000003,33.74490802453663,11.3984375,0.0,32.0,0
9f7c3247-d35d-4d78-8a1d-e3d5b169f214,mem,med,192,17,2427.6063369999997,10.394436534213085,203.51171875,0.0,0.0,0
0d70af29-0158-4538-a067-8e854f8b7585,mem,med,192,10,2435.8288039999998,10.370843779545028,203.5,0.0,0.0,0
7eef58ab-b8fb-494c-b34a-c4a37f73e0bb,disk,low,64,18,2328.150747,3.658568935441877,80.0859375,0.0,64.0,0
815f936d-d74f-4e6e-b0de-17fbee4dc6f0,mix,med,192,5,5052.868485,56.14917563008767,112.04296875,0.0,96.0,0
5d87a5ee-52e9-46e1-8315-50981b1049ad,mix,low,64,26,3137.479701,30.690110909501623,11.4375,0.0,32.0,0
93ee2f82-e9df-4fd9-96eb-1e9998215e3a,mix,low,64,27,3170.0981330000004,31.241556521240977,45.078125,0.0,32.0,0
b892ca13-b827-43b6-bde8-2f862fc187d1,mem,low,64,15,2347.758269,4.909406625116225,75.328125,0.0,0.0,0
0f734eff-d85e-433f-9bf3-0fd2755c1977,cpu,med,6000000,22,3869.230474,43.41462756710418,11.26953125,0.0,0.0,0
be638e8e-e4c0-47f0-8369-6ceac8d94b82,mem,med,192,13,2424.2469189999997,10.226598538991482,203.49609375,0.0,0.0,0
de7f1a64-70e0-41bd-b6e0-fe2e27ea2430,disk,high,320,3,2528.0020360000003,9.440182270486114,343.84375,0.0,320.0,0
1bdf8102-08f7-4967-a79f-901e2e4bc0c2,mem,low,64,3,2330.34257,4.939187975268374,75.3359375,0.0,0.0,0
0c04842e-ed7e-404f-aed4-dff893f13f6f,cpu,low,2000000,1,2762.051148,21.29685398570324,11.140625,0.0,0.0,0
d3e05f49-434d-4658-beb6-3aaebd002a4d,mem,med,192,22,2413.846866,10.39925123402588,203.5859375,0.0,0.0,0
4cf546d8-7348-40f9-bda0-38ac2277c123,disk,med,192,27,2416.2286329999997,6.704291050423953,212.05859375,0.0,192.0,0
45ef6e8f-0eee-4359-8712-7ebafa5226af,cpu,med,6000000,17,3869.0741310000003,43.310077379336725,11.26171875,0.0,0.0,0
2fbfb82d-b7ad-43a8-aa80-fb473eb0089f,mem,high,320,21,2534.619203,15.220116676437884,331.84375,0.0,0.0,0
f33fbda0-a2bb-4fec-99d1-b324430e72d2,disk,high,320,23,2545.435098,9.73153863536457,343.60546875,0.0,320.0,0
ea8323e0-da0a-49e9-a6d5-0cfad8970424,disk,high,320,20,2541.660863,9.433437933847589,343.61328125,0.0,320.0,0
f18f9dfb-28f5-4d38-8e8b-52db9dcb1db1,mix,high,320,0,7173.650707,64.85155452941682,179.09375,0.0,160.78125,0
6daaa8a4-dcf5-4fbb-a63c-5883ee4e0a16,cpu,low,2000000,19,2742.497196,21.696831663779754,11.3203125,0.0,0.0,0
a817ab3c-fd16-4f33-bf61-f5af707705bc,disk,low,64,29,2336.682419,3.727421377068185,80.06640625,0.0,64.0,0
4cd1eec6-4a69-4e7a-abc9-ab231cd1da09,cpu,high,12000000,11,5471.894248,61.2035585523984,11.328125,0.0,0.78125,0
45cd7273-2abf-4336-be15-3bc904f1f020,mix,low,64,12,3198.63095,30.373588425385556,47.23828125,0.0,32.0,0
5422ba45-fc24-468f-bbbb-1e652533d97c,disk,high,320,15,2557.575183,9.742196501442985,343.609375,0.0,320.0,0
a115bb18-0cab-4126-8343-1173626908c0,mem,high,320,25,2558.491939,15.174446871688971,331.8359375,0.0,0.0,0
25de3f5f-c830-415b-a682-ff9d8c6ce720,cpu,low,2000000,14,2748.477976,21.835357795859593,11.26171875,0.0,0.0,0
bc2dd1eb-14f2-443c-8718-60c2afd4a0ee,mem,low,64,11,2314.6292970000004,4.887650914409038,75.43359375,0.0,0.0,0
6d17c141-148c-4601-a483-d804d0c44046,cpu,high,12000000,9,5533.6802880000005,60.8961816479991,11.1171875,0.0,0.78125,0
6d8f81d8-d1a7-436f-a1e2-6494719367c9,mem,low,64,18,2264.19451,4.841324343640424,12.91796875,0.0,0.0,0
6d84329c-cdb2-4339-84c4-096c604ed879,mem,med,192,2,2463.405516,11.347055861670807,203.5546875,0.0,0.0,0
e0824a91-477a-4d06-b598-fc110a9c54d7,disk,low,64,8,2310.340112,3.899382585796528,80.10546875,0.0,64.0,0
9a9a5a36-3127-4f3d-b9e3-b83276e97bca,mem,high,320,4,2553.041863,15.549137903031715,331.81640625,0.0,0.0,0
efbf07d5-5367-4655-aed2-ef04161b87a8,cpu,med,6000000,18,3843.0583290000004,43.65091175799325,11.13671875,0.0,0.0,0
20ba006c-8cae-477c-b249-2756ef3aec59,cpu,high,12000000,14,5552.762513000001,61.007057155228274,11.35546875,0.0,0.78125,0
653488f5-7287-45e1-a14c-c432a4731ac3,disk,high,320,6,2519.546156,9.76294875226727,343.61328125,0.0,320.0,0
18a01ad4-ee3d-458c-b108-7fe23b633d2f,cpu,med,6000000,16,3843.0557400000002,44.00453999139757,11.15234375,0.0,0.0,0
9150b4de-7df2-42dd-9a6c-500de3f20ae6,cpu,low,2000000,17,2742.3887219999997,22.142156402873365,11.2734375,0.0,0.0,0
1d6cbda5-5bcd-4f40-a861-684c22d7767e,disk,high,320,5,2554.84329,9.116606130468378,343.84375,0.0,320.0,0
bf49a113-77fe-415e-acb2-9f71b65cc4f0,cpu,high,12000000,23,5494.6886939999995,60.538607103116085,11.16796875,0.0,0.78125,0
2942598d-dd35-4faa-ac59-ce11b465a78d,mix,med,192,12,5047.869215000001,55.664160070755706,113.078125,0.0,96.0,0
0f3b5adc-e581-4427-b487-55bd433343c7,mem,high,320,26,2533.278084,15.368427274484722,331.81640625,0.0,0.0,0
f85e20ec-0c6e-4b3e-9716-44c46d20ac35,mem,high,320,29,2513.410765,15.39430026273481,331.85546875,0.0,0.0,0
f0710d59-f340-48c3-9d49-0f6abc39a55d,mem,med,192,1,2410.091666,10.475618150201926,203.59375,0.0,0.0,0
35118145-f7f4-4500-852e-095c4fdef68a,mem,low,64,5,2325.724706,4.7365881144834,75.32421875,0.0,0.0,0
7b02c65e-262c-4e38-ba2a-322855a756cb,disk,high,320,1,2538.067361,9.254364309206371,343.85546875,0.0,320.0,0
4d0bb32f-f1ed-45f0-b36c-5338702ac8ad,cpu,med,6000000,29,3858.113932,43.62097723556806,11.12109375,0.0,0.0,0
b4cb06f3-8302-4cb9-96cd-967e1a5b074c,mem,low,64,24,2281.5011,4.969622850499612,75.33203125,0.0,0.0,0
6da0fca0-711d-42d7-ac90-c2b970cfec76,cpu,med,6000000,12,3836.8654979999997,43.78819119085003,11.31640625,0.0,0.0,0
59529df4-de09-488c-9b1a-2d462bf1adbb,mix,med,192,26,5026.268953,55.64292373034898,113.09375,0.0,96.0,0
83339539-4b51-46c9-8659-b481bae08a5f,mix,high,320,12,6899.361518,67.35601530483534,179.09765625,0.0,160.78125,0
8914eb71-a8a5-4f17-9aac-8f9ffc2c2230,mem,med,192,29,2452.002196,10.201540618848613,203.56640625,0.0,0.0,0
650ffe9f-240b-4ac2-a3ce-bbcd30231999,mem,high,320,22,2535.334096,15.243198149298268,331.99609375,0.0,0.0,0
9dd0d6e3-be19-4d08-adf3-879340a837e9,mix,high,320,14,7002.417548,67.22726783615674,177.01953125,0.0,160.0,0
847b9141-f3f0-4b3b-89bc-b7d04a0ac2aa,disk,med,192,9,2422.592696,6.726760147055276,212.0546875,0.0,192.0,0
d5138b25-587e-45b1-9e8d-8501834b0868,cpu,med,6000000,1,3868.814158,44.032846511310765,11.23046875,0.0,0.0,0
7e96b23d-6a69-4b1d-9c7a-d576c6b77f84,disk,high,320,28,2654.660413,8.264672909785089,343.83984375,0.0,320.78125,0
cb8998ec-b4eb-4da1-b922-82fac07c1a1e,cpu,high,12000000,13,5508.483623,60.08782500831627,11.31640625,0.0,0.78125,0
bdcb1065-49b7-4ea8-bb24-65d75162caeb,cpu,med,6000000,21,3858.435124,44.34743477625464,11.265625,0.0,0.0,0
1cea6ea7-30c1-4e8b-8be8-e8dd0aea4959,mix,med,192,1,5037.171666,56.79758780728439,111.08203125,0.0,96.0,0
24208a53-395c-431a-967b-24d301d3e7a9,disk,low,64,21,2329.415699,3.765536569434788,80.0625,0.0,64.0,0
70ff47ea-4a56-41c4-b078-9b1c7b533293,mix,low,64,1,3205.3587829999997,30.421711453073243,47.296875,0.0,32.0,0
09be4c09-3cfd-4635-aeb8-baf210e2107d,disk,med,192,1,2427.190784,6.949309510891748,211.81640625,0.0,192.0,0
646d0dde-e18c-4f46-8876-fc5f8f6a62e1,disk,high,320,14,2551.229382,9.771367551614379,343.8515625,0.0,320.0,0
17c1cb17-75c0-4998-8dec-3f96372981fd,mix,low,64,18,3198.729898,30.347826510983516,47.29296875,0.0,32.0,0
66a5c5c3-2014-43b7-b19c-4e4f3995ea42,mix,high,320,27,7029.4377939999995,66.91300410987036,179.09765625,0.0,160.0,0
75e778f2-04f5-4bc4-b6dc-a0aef4376a52,mem,med,192,8,2427.410877,10.340235449146833,203.57421875,0.0,0.0,0
92c0787a-155e-431d-80ee-30e5ba20a326,cpu,low,2000000,24,2754.6366510000003,21.519208342225745,11.3046875,0.0,0.0,0
23c03a96-4e86-4d7f-aba4-d05ceaf80e03,mem,med,192,12,2449.782447,10.3387139666284,203.59765625,0.0,0.0,0
17673762-07f1-4717-8fd7-0cf08ec8c098,mem,high,320,24,2513.085017,15.239237726114702,331.98046875,0.0,0.0,0
ce6d5523-edeb-4125-968c-61bc450e1b7f,disk,med,192,16,2416.903773,6.806890776449626,211.90625,0.0,192.0,0
f841a661-095b-4fd7-89b5-a0faae352309,mix,med,192,17,5077.634328,56.344939694129145,107.4921875,0.0,96.0,0
062192f7-f83f-4864-bd50-2061ba82b59e,mem,low,64,26,2264.352213,5.128530770667699,75.3359375,0.0,0.0,0
46447d9c-0fbc-4b3b-95b4-4d57562c01f6,cpu,low,2000000,3,2718.659699,21.68369951622989,11.17578125,0.0,0.0,0
f3a4c9d5-b150-4497-a818-066e5f4a8f3e,disk,med,192,12,2398.280335,6.70701409057753,212.046875,0.0,192.0,0
d27006d2-868c-47ce-8e89-d9e7a400347b,cpu,med,6000000,13,3833.404365,43.768223757422476,11.16015625,0.0,0.0,0
ee1d2feb-17c1-44a1-a739-13b6600d16da,mix,high,320,2,6901.990732,67.07305442380012,179.09765625,0.0,160.0,0
ec78af17-33dd-4e0a-b8dc-f7e3b4042337,mem,low,64,0,2313.52455,4.8295575683430725,75.25390625,0.0,0.0,0
a7b8298c-0754-4d3f-95fa-8217f9554564,disk,high,320,2,2549.6607120000003,9.615357794319731,343.62109375,0.0,320.0,0
fb689a9c-6ee6-40e1-9d15-11e9751734c0,mix,med,192,3,5015.023107,56.019961225674166,113.0,0.0,96.0,0
d064148b-6d1a-45a5-a6ad-03f5c71eda2d,disk,med,192,0,2427.130327,6.753201432021824,212.05078125,0.0,192.0,0
1a53bc2e-f4f9-47fb-b422-2b4155e73de4,mix,med,192,6,5052.288574,55.506607726876844,113.0859375,0.0,96.0,0
885dce2e-ba6c-4f3e-af4b-10d105b1e5db,mix,med,192,14,5049.6053249999995,55.366049820933284,113.16015625,0.0,96.0,0
8f80539c-8c91-4012-81ec-79611f4b4873,mem,low,64,28,2331.3960749999997,4.766242904479455,75.4296875,0.0,0.0,0
9b2db4b9-f043-430c-9013-4617d2c3e5fc,mix,high,320,11,7151.514456,65.31292118246681,179.09765625,0.0,160.78125,0
3753bf1b-e32e-4f2a-bfea-51f56adf0cea,disk,high,320,24,2548.88922,9.84915303616059,343.8515625,0.0,320.0,0
8d915070-add8-4a48-974e-a9ae067b17b1,mix,high,320,16,6872.821429,67.95584678357574,177.89453125,0.0,160.0,0
5986ddf0-a15b-465c-b57a-653c736cc4ad,mix,high,320,9,6882.298113,68.23355982109575,176.88671875,0.0,160.0,0
22ca5220-4516-4735-89dc-f3c2a2792329,cpu,med,6000000,11,3917.763007,43.67819076709149,11.12109375,0.0,0.0,0
749513a7-3462-47d8-b7e5-c3f74c24fa55,disk,med,192,6,2421.346208,6.744512596358134,212.046875,0.0,192.0,0
082123c9-71e7-4173-b716-ba7a2d085976,cpu,med,6000000,14,3839.5953729999997,44.25401207503747,11.2265625,0.0,0.0,0
69f43a85-52c1-4a59-870c-f74f3d4ac07e,cpu,low,2000000,5,2739.012262,22.119579689563288,11.27734375,0.0,0.0,0
066aaf23-c4f1-46c1-a429-7e6d07001e40,disk,low,64,10,2249.218464,3.874279061582521,80.296875,0.0,64.0,0
5240b468-4f38-400b-b1f7-0f0c7e539158,mem,high,320,17,2609.6717740000004,15.160718828390102,331.7578125,0.0,0.0,0
eced1a0e-7f1e-48bb-9af4-4162fa396ba5,cpu,low,2000000,20,2788.233868,21.21109734687435,11.2578125,0.0,0.0,0
3f64f9c5-6ec4-4fe2-ad59-4fa486fc47d0,mem,low,64,29,2333.659747,5.077346864825534,75.41796875,0.0,0.0,0
6bad9f1e-298e-4368-83fa-2921e11877db,cpu,med,6000000,7,3833.818229,44.23263959601774,11.15625,0.0,0.0,0
ec6b0eed-93da-4245-b917-4290e8be17c7,cpu,med,6000000,8,3912.781857,44.1423535255367,11.31640625,0.0,0.0,0
b2c8bdb4-a220-49d4-a676-f1b10b17453b,cpu,low,2000000,4,2765.739109,21.776421284282456,11.12109375,0.0,0.0,0
20c51c89-6217-4ed3-8b46-7b50f5021774,cpu,high,12000000,15,5579.921287,61.03469609749712,11.1484375,0.0,0.78125,0
50ac7d26-fc25-432b-800c-f0899a10035f,mem,med,192,7,2458.90427,10.392799879110381,203.703125,0.0,0.0,0
46e97e28-fbb0-4fc7-a29e-8620f26c8fba,mem,med,192,23,2441.471306,10.244765088383962,203.5546875,0.0,0.0,0
62edbbf8-ce70-4590-bae9-2b7a87ab8329,cpu,low,2000000,11,2765.44552,21.618469634505765,11.22265625,0.0,0.0,0
2abf027e-cbeb-4416-8672-76a676832c45,mem,high,320,1,2553.901064,15.347188092952688,331.9609375,0.0,0.0,0
138cf0b1-227a-42f9-888f-d50cfd8afeb5,disk,med,192,13,2407.2645979999998,7.427517529587331,211.8125,0.0,192.0,0
98e858ef-c03b-4b0d-8525-8869599bf501,cpu,med,6000000,9,3918.507832,43.45534251824867,11.1875,0.0,0.0,0
be499f75-bb85-4365-9bc3-99c4101c3b00,cpu,low,2000000,26,2777.73768,21.554339141196373,11.31640625,0.0,0.0,0
f385c51d-05d4-4c3e-8262-1cb2095f2d61,disk,low,64,9,2267.076803,4.608048561114407,11.578125,0.0,0.0,0
924e0619-9fda-4d54-9adf-a27651e6f9bc,disk,low,64,5,2272.563196,4.4520654113418106,80.05859375,0.0,64.0,0
acd75037-f532-482c-bb58-fff7ac27e91b,mix,high,320,24,6963.263509,66.93658790846716,177.06640625,0.0,160.0,0
04192226-d87f-41a1-be8b-2564f350c501,mem,med,192,16,2434.169779,10.291311730232438,203.4921875,0.0,0.0,0
6ee9a963-638e-4e2d-a3fb-9aa2d17702d2,disk,low,64,27,2232.926326,4.016030397233984,80.14453125,0.0,64.0,0
17bd8f41-84fc-4609-bd09-8c4b3d9ec49c,disk,high,320,8,2587.7934809999997,9.65672113461824,343.609375,0.0,320.0,0
aea27e59-73e0-4b5e-a0a4-b32a8572e94e,mix,high,320,20,6953.94073,66.31812347931817,179.1015625,0.0,160.0,0
332ce531-6a35-4294-b1d8-dea00a5251c9,cpu,low,2000000,13,2808.919955,21.141755888875092,11.15625,0.0,0.0,0
2a5b4b7c-7aad-4ea2-8cd2-6dca6cfefba5,cpu,high,12000000,17,5507.79841,60.1448846418473,11.140625,0.0,0.78125,0
55949f66-26d1-4abc-9281-f311c9b4b4c6,cpu,high,12000000,2,5577.876469,59.95220615919309,11.3359375,0.0,0.78125,0
e68a01fc-c900-41da-a0d3-578c0492ef89,mix,med,192,2,5015.940855,56.7141854785686,107.30859375,0.0,96.0,0
4a123c51-e8da-4a6d-8352-56d7fd340d58,cpu,low,2000000,29,2787.535371,21.59118790962958,11.1875,0.0,0.0,0
4b945835-1acf-4ef9-bc6d-0d8fedd9381e,mem,low,64,23,2269.648091,5.280422126903196,75.38671875,0.0,0.0,0
57678272-45c0-4ccc-9018-8c88693efd04,mem,high,320,13,2587.15764,14.929820820659383,331.93359375,0.0,0.0,0
639e9b89-de6c-4906-a40a-468ecb95b5ad,cpu,med,6000000,20,3937.7613239999996,43.05890734580235,11.265625,0.0,0.0,0
c696afd7-404b-4886-ad4d-1892eb27080a,mem,low,64,6,2274.265544,5.0767158788736415,75.4375,0.0,0.0,0
824766e8-322f-46db-97ec-63c2571c3945,disk,low,64,23,2240.578732,3.7990184760889716,11.46875,0.0,64.0,0
88157529-1633-4ad2-ad60-f4b4956febcd,mix,low,64,20,3163.8975,30.700710120982112,11.2890625,0.0,32.0,0
8eb33c4e-7afa-4b19-b3cc-c379bf3068b4,mix,high,320,4,6890.912256,67.06907341587257,176.8828125,0.0,160.0,0
864fdb41-59b6-4183-b81b-876773fe4c50,disk,high,320,17,2477.122974,9.481967688536727,343.8515625,0.0,320.0,0
a24bdeba-a35d-4502-b3d2-4d8c5ecbbebc,mem,low,64,9,2262.937564,5.515309038371684,75.34375,0.0,0.0,0
02dd0a6a-78ae-40d7-956e-32c052013c08,mem,high,320,2,2579.537859,15.179695798370524,331.9140625,0.0,0.0,0
e4b7536e-f123-4717-8809-3196326bd16a,mix,low,64,9,3130.7925440000004,30.776743794366208,11.31640625,0.0,32.0,0
babc209e-7905-4738-96d1-31df524eafcb,mem,med,192,5,2413.111328,10.338975956272167,203.7421875,0.0,0.0,0
b5d8714d-c96c-4635-bc3d-b780501cad1e,disk,low,64,17,2244.9166520000003,3.807491023056476,11.546875,0.0,64.0,0
0e968f5c-32ab-4004-818e-65baff6de64f,mix,high,320,22,6867.842835,67.60084806163155,179.1015625,0.0,160.0,0
26068ed7-5bd8-46f7-abf1-d43c1746249a,mix,low,64,5,3163.9431839999997,31.219113067360315,47.67578125,0.0,32.0,0
29e94fc0-6355-409d-8c9d-5e3f9de25077,cpu,low,2000000,0,2797.218597,21.339197467090198,11.27734375,0.0,0.0,0
0478385d-f137-432f-b826-502b4e4ff1f1,disk,high,320,19,2552.664621,9.2642800802934,343.84765625,0.0,320.0,0
f2217ca8-941a-4241-bd18-da156c7f1447,mix,high,320,25,6937.088986,67.10682260808468,179.1015625,0.0,160.0,0
afb8f031-ab7a-4c55-94a0-5e5852d4db7c,disk,high,320,25,2577.135462,8.967747462550728,343.83984375,0.0,320.0,0
330bc337-e46c-404e-8024-a6695e305a9f,disk,low,64,1,2287.5961239999997,4.239952978692842,80.078125,0.0,64.0,0
4e4e0f30-a57f-4e7d-bb18-6d16f363f88f,mix,low,64,2,3133.148547,30.96412396178674,11.51171875,0.0,32.0,0
69f27183-b2c6-4362-9c20-adc42b9f9794,mix,high,320,1,6915.469556,67.85069274043667,179.10546875,0.0,160.0,0
576dd114-44d9-4f7c-90dc-e77479809ac0,disk,low,64,11,2297.015975,4.003977377649714,80.08984375,0.0,64.0,0
a6a14ef1-0763-4dd3-86f6-9e0078b13c8e,disk,med,192,2,2343.298374,6.977643214973699,212.05078125,0.0,192.0,0
51d93a7d-d608-431e-8b38-fe6ca11c3976,cpu,high,12000000,10,5499.2577169999995,60.37871238032032,11.32421875,0.0,0.78125,0
9047e841-73f1-4880-bbc9-d382da3efd96,disk,med,192,14,2462.7504,6.825255210597062,209.8046875,0.0,192.0,0
1922b7f8-d3c9-4847-8b91-780916469ca7,mix,med,192,15,5009.650229,56.06862498583431,111.08203125,0.0,96.0,0
57d2bc7d-7265-42c0-8c95-8abe5436f9e1,disk,low,64,22,2268.4365350000003,4.281495139999585,31.43359375,0.0,64.0,0
bec01340-9a27-41ae-b340-5670ec26280e,mem,high,320,12,2551.4770790000002,15.253203848201217,331.96484375,0.0,0.0,0
78bbcd8f-4827-4d09-9c29-222926ea9f1b,mem,low,64,7,2263.1330319999997,5.027764536645233,75.35546875,0.0,0.0,0
2eb40e91-d6ad-4628-8f88-d9bfed763d48,mem,med,192,28,2396.293005,10.910226731642943,203.6328125,0.0,0.0,0
8b0f31f3-6904-4884-befc-301d48a33428,mem,low,64,22,2283.744961,5.645288865510933,75.30859375,0.0,0.0,0
25f4d98a-78be-4701-bbb7-c53ba4ad2d8c,disk,med,192,3,2384.327151,7.087114699387157,209.9296875,0.0,192.0,0
238649d9-e09a-4409-bdbf-7846bf6eae45,cpu,med,6000000,27,3854.1134279999997,44.00023589549633,11.14453125,0.0,0.0,0
75d6ec8c-3bb7-43d5-8904-e99e3c9e8bb9,mem,low,64,1,2288.845846,5.668009500365452,11.2578125,0.0,0.0,0
abbc66f1-fe3b-4209-80d1-8aee0b83fe02,mem,low,64,13,2274.5930749999998,5.612652276275835,75.3125,0.0,0.0,0
a7192759-347e-43bf-b831-bd2d34fd73bb,disk,low,64,19,2333.5982729999996,3.623202887072072,58.69140625,0.0,64.0,0
78e05d0b-af12-40cc-b529-778e928572f9,cpu,high,12000000,20,5516.181459,59.948209183812494,11.32421875,0.0,0.78125,0
a13b42f5-588d-4fb7-8a14-b710816113d3,mem,med,192,19,2385.351859,10.446341451045441,203.6640625,0.0,0.0,0
2ec6bf26-b36d-4251-95a7-894e02da94bf,disk,med,192,20,2390.8966330000003,6.720533116414322,212.05078125,0.0,192.0,0
8ef79d0e-41de-4cac-942d-5040a0b1da51,cpu,high,12000000,18,5487.9838660000005,60.572189736098615,11.16796875,0.0,0.78125,0
c29a18d8-c02a-4397-9a4b-27b7c3d85c29,mem,low,64,21,2227.1452790000003,5.155837882814648,75.3046875,0.0,0.0,0
f1beaa43-1acd-486c-8784-8b352a282bfc,disk,high,320,12,2550.5888290000003,9.510862638534672,343.84765625,0.0,320.0,0
2b2f2891-ee0a-40ff-985c-39827c32342c,disk,med,192,22,2464.4085809999997,6.423042072665142,212.05078125,0.0,192.0,0
bd6ee003-04f1-46ac-92f4-231d8d8257f7,disk,high,320,11,2579.5163479999997,9.284996398092222,343.8515625,0.0,320.0,0
5216411c-4055-4e91-9b22-32cd90ff4828,mem,med,192,18,2479.679176,10.032467200103632,203.55859375,0.0,0.0,0
1622b307-72a3-4a05-bf5f-c0eca712baa8,cpu,low,2000000,7,2791.361332,21.135422105216723,11.19140625,0.0,0.0,0
3ea09e9a-d24a-4b66-a4d0-bf4f367f7eea,cpu,low,2000000,10,2717.546483,21.742259192112595,11.3125,0.0,0.0,0
4837c711-084c-407f-b6bb-98b63ceb178d,cpu,high,12000000,22,5466.258197,60.40109853961953,11.2265625,0.0,0.78125,0
1e8cd28e-bad5-4acb-83db-d9fc4def9f71,mix,low,64,4,3161.6951860000004,30.342646699402604,11.546875,0.0,32.0,0
b5928e9d-5de9-4dab-b969-0530ff2e4673,disk,high,320,26,2554.3481899999997,10.190897271526637,343.84375,0.0,320.0,0
7faa1740-ec99-418c-8321-c1e9225a94e4,disk,med,192,19,2351.671823,7.153931869004665,209.89453125,0.0,192.0,0
9daf3db2-076a-4174-aae6-b362e0dcf76b,mem,med,192,0,2430.027942,10.267083587304692,203.6953125,0.0,0.0,0
bc8a7152-3493-43aa-b060-7a51f8a42f67,mix,low,64,13,3115.936856,30.84934144763042,11.4921875,0.0,32.0,0
eb572db1-2b35-4c49-a1d5-142fa14a00c2,disk,med,192,29,2387.655469,7.194882269674729,209.984375,0.0,192.0,0
c532757f-36eb-4216-b9e3-6c76474e4a52,disk,high,320,16,2525.8391699999997,9.903243364461721,343.8515625,0.0,320.0,0
7470dce5-eaf1-4b0e-b029-cc3afb1b8c3c,mix,low,64,16,3134.3886589999997,30.470439498868796,11.46875,0.0,32.0,0
bd271b07-2733-4165-b4cf-6d8cd66bc4b2,disk,low,64,15,2249.212281,3.81911483969885,11.6328125,0.0,64.0,0
4554bcce-6813-400d-a103-2f2a49caba11,disk,low,64,25,2248.748371,3.786372948527641,11.41015625,0.0,64.0,0
6ebe2272-d074-461d-be2c-f1c28c77b298,disk,high,320,7,2473.209121,10.05988526758308,343.8515625,0.0,320.0,0
427c24e5-a413-4b5b-b36b-a5a20d6974e8,mix,high,320,5,6865.548025,67.70442771755282,176.89453125,0.0,160.0,0
558d5843-0253-4bd8-bf07-c20092b04b62,disk,high,320,4,2573.267187,9.019817342426634,343.84765625,0.0,320.0,0
e1ee180b-4184-4dfc-b4c1-c428da703c4d,cpu,high,12000000,25,5504.813522,60.240296728438395,11.16015625,0.0,0.78125,0
ea41a035-5ac2-4c3a-9ad9-b43d447d72ec,disk,med,192,5,2348.615671,7.230684956116858,212.05078125,0.0,192.0,0
bf7178d1-f318-4f4c-95fd-49c82b55b461,disk,low,64,2,2220.8640769999997,3.6961739734601506,61.97265625,0.0,64.0,0
2d5a1e94-32ae-467e-a5e5-7be809bd5db0,cpu,med,6000000,26,3812.510078,44.151857059038576,11.32421875,0.0,0.0,0
47cd9945-6102-4de4-9790-deb394224a57,mix,high,320,28,6823.6193299999995,68.1684715257995,176.99609375,0.0,160.0,0
3562d030-e530-473a-9066-b4f25c94866e,cpu,high,12000000,4,5506.437605,60.119431790056574,11.19140625,0.0,0.78125,0
c2911684-3ccc-419a-bea1-2ed42034364c,mem,med,192,21,2406.239141,10.220596773178332,203.70703125,0.0,0.0,0
d45ac3ce-e5f1-4ac6-91c5-14c116b61285,mix,low,64,24,3113.8112370000003,31.069160150249658,11.39453125,0.0,32.0,0
90b264a5-63ea-4d25-83a6-0e0707bd2f47,mem,high,320,6,2546.542261,15.52065347797501,331.9609375,0.0,0.0,0
3d9e7ede-5cc3-4a88-a809-4b53681d706a,mix,med,192,7,5032.222344,55.159625514353074,113.07421875,0.0,96.0,0
669e7f22-8458-467d-bb29-646bf3846d3e,mem,med,192,3,2476.3871950000002,10.076534093853606,203.734375,0.0,0.0,0
6d3f7059-b1b1-41a7-870a-e18b8365b735,mix,low,64,8,3117.725354,31.231776036677793,11.40234375,0.0,32.0,0
4107d973-8f7a-4da5-80fe-9fd0dbd2a61a,cpu,med,6000000,19,3905.801363,43.216381047691286,11.25390625,0.0,0.0,0
8e9de59f-05a5-41df-9f8c-7178ba63e4c2,cpu,med,6000000,24,3860.3232350000003,43.826459521854,11.12890625,0.0,0.0,0
a74d1a0d-0f48-4a88-8f01-99e1a57976e7,disk,low,64,3,2238.189829,3.9539094876299705,80.14453125,0.0,64.0,0
77a76a7f-714d-4773-800b-07fa7d958ea8,cpu,high,12000000,7,5544.40117,60.49320561700985,11.2109375,0.0,0.78125,0
4ef0edbc-66db-422d-a923-ec8448c7fd14,mem,high,320,3,2582.572977,14.96050657390581,331.95703125,0.0,0.0,0
4b1e1616-4898-47f7-8e67-ee7ccd3e6dc9,mem,high,320,14,2578.904261,14.972327815313188,331.8125,0.0,0.0,0
f7b5b558-656d-4ac7-be45-322689202de5,mem,high,320,23,2550.570854,15.220867100836086,331.8359375,0.0,0.0,0
2bbe8ea8-5976-49bb-991b-94c5cd529377,mem,high,320,18,2595.943918,14.92378156992219,331.94921875,0.0,0.0,0
994a2c1a-a170-4a0e-aa75-9cec3428c846,mix,low,64,28,3144.395136,30.20460085077552,11.3359375,0.0,32.0,0
10becfae-d999-4c0d-8bf8-8227c492f267,mem,low,64,16,2250.950097,5.18589906349221,75.4140625,0.0,0.0,0
eae2a9eb-4d2f-402f-80ab-64b4cdbe7659,cpu,med,6000000,5,3820.54016,44.02018901955476,11.16015625,0.0,0.0,0
ec5a2d26-a33b-4ae6-92fb-9e29b29dc393,disk,low,64,14,2263.932992,4.339351047365274,11.39453125,0.0,64.0,0
a783ffdc-f586-4a7b-aff0-1d508ab681fd,mem,high,320,27,2543.163178,15.085504670671982,331.81640625,0.0,0.0,0
c0a8ee80-20cc-40ae-8f0d-5d10926e3c0f,disk,med,192,26,2401.175757,7.239161876978755,210.05078125,0.0,192.0,0
6e2ec530-931c-4e29-91a9-f149927e973c,cpu,low,2000000,28,2795.891593,21.1656632711224,11.12890625,0.0,0.0,0
b8aea747-64c3-4719-8156-be63ccf5679f,cpu,high,12000000,19,5495.61647,60.267033154153125,11.1640625,0.0,0.78125,0
43b8a66d-abd6-464e-9d79-948862346f31,mem,med,192,27,2444.644706,10.319740916985422,203.65625,0.0,0.0,0
36bdbafd-d4f4-483d-b027-595d8086fb9c,disk,med,192,10,2441.549098,6.837912870020031,211.8203125,0.0,192.0,0
a1f4fcd0-9408-4360-b43d-0830a83a8001,cpu,low,2000000,21,2815.612221,21.066608376537516,11.15234375,0.0,0.0,0
949e8857-5654-4258-b0b2-3dac0106850c,mix,high,320,8,6889.430323,67.7580406672472,176.98046875,0.0,160.0,0
f117bc80-ccae-4777-bc64-7a461332a25e,disk,med,192,8,2431.23467,6.909123256291832,212.046875,0.0,192.0,0
17ee12b7-7ff9-479d-a1fe-0664defea92a,cpu,high,12000000,16,5487.634079,60.81101531113951,11.27734375,0.0,0.78125,0
dcc8cd9a-977c-4f70-83f3-4b7a40ed561a,mix,med,192,13,5035.148730000001,55.812889562847126,111.046875,0.0,96.0,0
f27efe6e-ee66-4af9-807e-93d8ae9328c9,mem,med,192,9,2409.7554959999998,10.388066358413651,203.66796875,0.0,0.0,0
4e0754a8-5379-4e7f-aacc-6c4395561df3,disk,med,192,15,2390.371614,6.748699618719618,212.01171875,0.0,192.0,0
a596f761-4c6e-4a38-911d-124188c11505,mem,low,64,8,2248.491515,5.073534822745373,75.3203125,0.0,0.0,0
3e343d23-d0c1-4422-b881-2d1405026a5e,cpu,med,6000000,10,3833.206795,44.43339718122356,11.3125,0.0,0.0,0
7967cff1-d8ea-46c8-9729-9f4b35aa0070,mem,high,320,11,2560.861882,14.971170553742496,331.9375,0.0,0.0,0
568a12f5-4551-4a0c-ace6-d9ad31d08d9f,mix,med,192,28,5057.494205,55.167972258704744,110.98828125,0.0,96.0,0
997da87b-cb0c-424b-8754-547746217f73,cpu,med,6000000,0,3914.336821,42.98189136340549,11.2734375,0.0,0.0,0
33583143-d8f1-454f-8c5d-2cdec26512d5,cpu,high,12000000,6,5562.624279,60.4561773603117,11.19921875,0.0,0.78125,0
5a9033c4-3110-45fb-afc9-22d2fbac7001,mix,med,192,20,5028.513051,56.01391447994474,107.5078125,0.0,96.0,0
1de500a2-73a2-43b9-bca7-3c8507c8ba19,mem,med,192,14,2467.733014,10.04594089366914,203.55859375,0.0,0.0,0
5d2ca8da-8f63-4cc6-a820-e0d93d73e89e,mem,med,192,11,2474.224303,10.178624455941252,203.734375,0.0,0.0,0
24bad874-0756-47be-bebb-6e878615837d,mix,high,320,3,6900.161645,67.24668549413381,177.0078125,0.0,160.0,0
e99048f5-f229-4809-b874-8e1041876622,mix,low,64,7,3203.4753560000004,30.44880611218287,45.1328125,0.0,32.0,0
42cef4ce-850a-43ca-bcf9-659266196b66,disk,high,320,9,2562.4507369999997,8.9560355907049,343.6171875,0.0,320.0,0
2524e418-5387-4547-a306-41d1addbd9bb,disk,high,320,27,2548.9795329999997,9.578970597407304,343.84375,0.0,320.0,0
ebe0cb0b-8421-4c74-8193-184649201d4c,cpu,low,2000000,12,2766.60504,21.943789996131866,11.3046875,0.0,0.0,0
43221893-1694-4d56-91be-108e64a919d6,disk,med,192,23,2380.3416359999997,6.677948979925334,209.82421875,0.0,192.0,0
e53dc5d7-a620-4f4d-a18d-f94fbd298cd6,disk,high,320,13,2565.941215,9.185167556537339,343.84765625,0.0,320.0,0
269facaa-e253-4107-813a-debd413c59f0,cpu,low,2000000,25,2769.841035,21.51639723974268,11.20703125,0.0,0.0,0
c23fd642-f991-489c-ac84-64c3a26cb6df,mem,low,64,4,2283.7420380000003,5.112223624969678,75.2734375,0.0,0.0,0
6ff9890a-96e6-4489-bdf4-726a924fb5e7,mix,med,192,0,5041.01946,55.35158160250388,113.0859375,0.0,96.0,0
9c4243dc-ee21-4e09-8f44-9590e77be7a6,mix,med,192,19,5016.3822549999995,55.769294638811374,110.9921875,0.0,96.0,0
e9c1e443-1bfc-442d-8df7-65e6fb88b995,mix,low,64,0,3139.602707,30.561191639334385,11.33203125,0.0,32.0,0
59338baf-ff32-4762-95c3-d5276d76b18b,mem,low,64,2,2241.936135,5.267322211210089,75.29296875,0.0,0.0,0
9e1b051d-b29c-40cd-936b-92f5bca47aa8,mem,low,64,19,2269.1367609999998,5.146494561594209,75.44140625,0.0,0.0,0
1e6c34b7-b495-44dc-a878-f79fd3c668c1,mix,high,320,19,6947.98435,66.70667011505287,178.9140625,0.0,160.0,0
ad872b67-7a96-4b2c-ba47-5c26159b8462,mix,low,64,14,3117.5165909999996,31.24175835380502,11.3359375,0.0,32.0,0
f886fb0b-1d44-4143-83a4-ecdf6f0a98bb,cpu,low,2000000,23,2820.746306,21.019082741998275,11.32421875,0.0,0.0,0
41cf3644-6b94-4f45-8817-5786f1bfa7a5,mix,low,64,11,3131.49271,30.819168025462208,11.40234375,0.0,32.0,0
84b52f7e-4bf0-4148-83aa-82671da815ff,mem,low,64,27,2258.5410110000003,5.599366997724178,75.4375,0.0,0.0,0
59c05831-c05b-408f-b3cc-d355c6187e71,mix,high,320,26,6916.042434999999,67.38326208665029,179.1015625,0.0,160.0,0
f228ddcf-7c8c-44d0-bac4-d54a815d7054,disk,med,192,11,2383.071978,7.137635857006415,212.05078125,0.0,192.0,0
aac7233f-8e69-42a8-8cba-4348f3bf69f1,mix,high,320,23,6950.897015,67.47665790298004,176.86328125,0.0,160.0,0
03dae77a-9326-4bee-8959-3fed1bb35e5b,cpu,low,2000000,6,2799.685813,21.142086631704483,11.2734375,0.0,0.0,0
5911df44-dbd0-416b-82e9-e29bf1a97293,mix,med,192,27,5054.347245,55.863316530006244,111.0,0.0,96.0,0
621b68a6-1ef6-42ff-9d66-bf461878b874,mix,low,64,21,3095.9702070000003,31.26380214549655,11.45703125,0.0,32.0,0
206af918-81b7-4093-a586-60a07175e8be,disk,med,192,21,2366.707687,6.654729727085219,212.0546875,0.0,192.0,0
74f65049-91b2-4602-9874-9e3f7da63f65,mix,med,192,10,5041.39802,56.14079643725491,111.0390625,0.0,96.0,0
1feb7758-50c6-441c-9203-d82ff6b46b14,mem,med,192,25,2403.882365,10.353584835254615,203.69140625,0.0,0.0,0
21501123-e61c-42e7-9ada-81e788a5be34,cpu,med,6000000,23,3887.085024,43.56591094725691,11.2734375,0.0,0.0,0
02dd6c2c-7d15-45d2-8646-c21f3d3ee6a6,mix,med,192,11,5016.089693,56.8345499080373,111.10546875,0.0,96.0,0
0cb9c83f-7083-4f65-b0a3-b3eb3bc4d821,mem,low,64,10,2273.788433,5.0128674394571515,75.359375,0.0,0.0,0
d4d779f9-b356-455d-83e7-eb54319bc3e9,cpu,low,2000000,8,2812.666403,21.17954690128248,11.34765625,0.0,0.0,0
df4f9007-b069-4127-96bd-76c983516fe8,cpu,low,2000000,27,2801.810324,21.066308270195382,11.3515625,0.0,0.0,0
52622337-67c4-4018-a53a-556142a2b1a2,disk,low,64,28,2275.303911,4.138216417806703,11.62890625,0.0,64.0,0
b90cd5fc-9561-4c1a-b270-edd00d8be186,cpu,med,6000000,6,3846.279114,43.909371887564994,11.3359375,0.0,0.0,0
c46258b7-3dfd-4af0-8d82-3205f1f6fb70,cpu,low,2000000,22,2789.609387,21.292622643443952,11.203125,0.0,0.0,0
f2df1a68-37fb-431b-9dde-a0edebce9e99,mix,low,64,25,3131.290802,30.99437456847229,11.41796875,0.0,32.0,0
100a47c3-9ec2-43e7-bfd0-3733291d65dc,mix,high,320,29,7165.258442,64.86863017745705,179.09375,0.0,160.78125,0
ddc7357d-06f7-4443-ad1a-9ee2ab6a65df,disk,high,320,29,2578.784091,9.424519130865074,343.61328125,0.0,320.0,0
57e0dadb-22c8-46c7-8b83-8438035d7ad1,cpu,med,6000000,4,3883.913901,43.50619099885139,11.32421875,0.0,0.0,0
3a9091db-e1c9-48e4-8509-c483575c4973,mix,low,64,10,3121.447169,31.228463825395597,11.33203125,0.0,32.0,0
0d389391-314f-4e1c-a28b-51a4079f6f3b,mem,low,64,12,2269.418272,4.915180307493356,11.3046875,0.0,0.0,0
6bb0a88c-4ffa-4646-8bd4-16fbfbaa7bdf,mem,med,192,15,2471.080983,10.162556457179454,203.68359375,0.0,0.0,0
2ecc8c1e-3064-4989-a94a-cc89aee0b4a7,mix,med,192,8,5015.328508,55.52888500838359,110.25390625,0.0,96.78125,0
928031fd-122b-45c8-8030-694e3d29bc5c,disk,med,192,24,2439.661965,6.958709953901339,212.0546875,0.0,192.0,0
b470ace6-5a56-4380-9448-90d439da953d,mix,med,192,9,5039.490498,55.35442523618387,111.9921875,0.0,96.0,0
d7f4e03e-948e-475e-91a4-a3f6987ad8ac,mem,high,320,10,2605.655929,14.722588494146496,331.83984375,0.0,0.0,0
141f6544-4b78-42fc-aacd-1f93f8c9da72,cpu,high,12000000,27,5512.962385,59.95919741795953,11.296875,0.0,0.78125,0
057e2bf4-6279-418c-b05e-15e440a45655,mem,med,192,6,2403.907631,10.30646921724423,203.57421875,0.0,0.0,0
9ae49c8e-1a87-43d7-b5a3-6e7ffefba596,disk,med,192,25,2396.511255,6.978477553613659,212.046875,0.0,192.0,0
e25e0550-8cc1-4338-ae0d-04741e54a51d,cpu,high,12000000,0,5471.380177,60.28182822800032,11.3125,0.0,0.78125,0
948dd446-8f6c-4f1f-b2dc-3f617a91f2ea,mix,med,192,4,5037.045333,56.08651130239887,107.390625,0.0,96.0,0
b22e3108-96e5-40b6-a714-b7709190373a,disk,low,64,0,2322.286653,3.7746847438820468,80.046875,0.0,64.0,0
0e8d83e3-6666-45bd-8dc3-c9f17c6c4838,cpu,low,2000000,9,2786.9536519999997,21.281731742268672,11.17578125,0.0,0.0,0
7de6bce1-cd92-4c27-ae75-84d78aa9f9c0,mem,high,320,9,2556.286167,15.614879318008686,331.74609375,0.0,0.0,0
a4d87435-9ccd-475b-9f61-1f7cec778f6d,mix,high,320,7,6822.99428,67.25337603536728,176.85546875,0.0,160.0,0
c7514284-0d58-4373-b9da-3ddc1d07e09c,disk,low,64,26,2230.510771,3.7907012644504285,80.140625,0.0,64.0,0
1a1479ea-fe78-4484-a915-464a389be68d,mem,high,320,28,2560.153221,15.078120982509741,331.7734375,0.0,0.0,0
f75859e4-2a6d-48a5-b44c-64f7be5a4655,disk,high,320,18,2588.005949,9.509985867501575,343.83984375,0.0,320.0,0
8acdfab9-281b-4231-82fa-7062d1a77c70,cpu,med,6000000,3,3915.634103,43.086712282626166,11.34375,0.0,0.0,0
11648f74-456d-4908-babd-62881c92d06f,disk,low,64,24,2283.293235,4.06802764428985,80.05078125,0.0,64.0,0
9d7f1629-655b-4431-9e74-b97b74651e15,mix,high,320,21,6917.855028,67.73618384649387,177.07421875,0.0,160.0,0
cdd51e08-5e7f-4f6e-aefd-9fca45b67b37,disk,med,192,7,2472.4380039999996,7.329243431254103,212.04296875,0.0,192.0,0
41fd4416-6d80-495d-abdd-82937822df20,cpu,med,6000000,25,3883.736131,43.96408361451577,11.3125,0.0,0.0,0
b22e26d4-3816-4f20-b244-0d13b59fdd5e,disk,low,64,6,2270.479777,3.8915123092065316,80.0546875,0.0,64.0,0
8d0c7c5b-6730-451c-acb1-00390eb7e344,mix,high,320,6,6877.1141450000005,67.06419150179744,179.10546875,0.0,160.0,0
ef989367-e486-4193-a01b-53bbab922516,mem,low,64,14,2271.8079599999996,5.7111781578580265,75.4609375,0.0,0.0,0
c8fec792-4f15-4c6c-b348-398cb1e7f694,disk,low,64,20,2317.0556,3.8566187190328964,80.32421875,0.0,64.0,0
e0858332-f984-459b-9b7c-499763426b01,mem,high,320,7,2568.272127,14.954801555575187,331.84375,0.0,0.0,0
aea8b76b-d866-486c-afa9-0c770caf9f1d,disk,low,64,4,2273.307457,4.138815438724882,80.1875,0.0,64.0,0
fa1cd2d1-5917-408c-a08b-b032e0ed37d8,mix,med,192,25,5073.130563000001,55.66533257780063,107.30859375,0.0,96.0,0
afdea934-5d88-467e-8c24-a81d82de1ea4,disk,low,64,16,2252.697555,3.8318947791462397,80.24609375,0.0,64.0,0
47af8078-8100-4113-88d1-0fb1f5469906,mem,high,320,20,2582.632304,14.951063664849132,331.83203125,0.0,0.0,0
3d45bea7-79e1-4e1d-8e61-fe1444792626,cpu,high,12000000,24,5558.705924,60.36825919341439,11.15625,0.0,0.78125,0
f9d32983-cd97-45bb-8f8e-a47f64763e5e,mix,low,64,29,3137.8151070000004,31.027417703104327,11.3828125,0.0,32.0,0
497e3e33-4bb6-4580-93f1-faed75859939,mix,low,64,22,3139.7381320000004,31.189161606169257,46.29296875,0.0,32.0,0
be069799-50a6-4fe8-836b-7b0cd20003b2,disk,low,64,7,2272.961857,3.951672119942662,80.24609375,0.0,64.0,0
c28ee95c-e39a-4823-92d1-ac5db0ccc91c,mix,low,64,3,3171.475819,30.393294951999128,11.453125,0.0,32.0,0
c52afe05-7825-470e-b6cc-f694e5c064b9,mix,med,192,16,5007.110143,56.635642496590464,113.0546875,0.0,96.0,0
