run_id,workload,secret_N,mitigation,rep,runtime_ms,avg_cpu_percent,max_mem_mib,blk_read_mib,blk_write_mib,exit_code
21a0796d-5a5c-45a1-b9dc-51662b15b394,secret,2,high,16,14885.624255,84.95543608627786,284.03515625,0.0,140.8203125,0
87478f7d-babe-41a8-8981-a0ca440df950,secret,2,high,3,14743.21475,85.18105591590871,139.9140625,0.0,140.8203125,0
20ad60e2-d166-4973-ac33-89c32b02e1c7,secret,3,low,13,6647.970453,64.05548926707904,364.6875,0.0,128.86328125,0
17bd717a-8281-43f3-9d5c-77d095342689,secret,1,none,12,3935.615973,45.05060992138625,139.953125,0.0,0.125,0
345774fd-95fb-4f01-ae8c-aa94b3c1a01d,secret,1,high,25,3960.31872,45.43614105886912,139.8984375,0.0,140.0,0
b478db0f-cee4-4cdf-8675-4eef1ff9489e,secret,3,none,15,6177.860146000001,64.12317382362446,274.828125,0.0,128.04296875,0
9f8b0491-517d-49b5-b7b7-27e881b20687,secret,2,low,27,13228.583454000001,83.14466199836546,139.9453125,0.0,64.8203125,0
e31301f5-6757-4e88-8e36-3f61ec77ad1f,secret,3,none,12,6559.952945,65.28216034330107,399.8828125,0.0,128.04296875,0
66645ba9-22a0-4b2b-aa22-cdc9b0ca632a,secret,0,low,25,3952.239633,45.45711208903309,139.71484375,0.0,64.0,0
d8996f29-913b-4327-8c2d-0c551d2222ca,secret,1,low,13,3971.818159,45.598990877668726,139.73828125,0.0,64.0,0
4751b4ae-dc6c-47cf-aebc-43088e13c8ec,secret,2,low,2,14854.840336000001,84.69449496208978,205.6640625,0.0,64.8203125,0
015b4cd1-7f4c-482a-899f-93a98af2fdcd,secret,1,none,22,3958.625389,44.86893366913633,139.8515625,0.0,0.125,0
027d8f12-8cb4-48f0-9322-0fc249d9802f,secret,0,high,0,4046.895267,45.18612119546112,139.7734375,0.0,140.0,0
a57516c0-c856-4a19-9868-4ecede6d0f4d,secret,2,none,23,13254.574785,83.21748663323868,139.96484375,0.0,1.0703125,0
ab42b723-4a74-4af4-9376-5393ba607958,secret,0,low,5,3945.348796,45.44926425308633,139.86328125,0.0,64.0,0
9b9a69e3-540a-4dad-87d2-99a6ebeff188,secret,0,none,7,3354.883325,35.15457575562632,139.8984375,0.0,0.125,0
66e5c264-eedc-4d48-b442-0e4e10902411,secret,2,low,14,14211.552242,84.34290495429472,139.73828125,0.0,64.8203125,0
b1836573-bd51-47ca-89be-7a99a29df5cc,secret,1,low,8,3961.7147849999997,44.987261747061886,139.8984375,0.0,64.0,0
9d1f0bd6-a269-4166-a3b7-283fa7ab3d81,secret,1,low,5,3958.95047,45.13921084746483,139.8984375,0.0,64.0,0
2c4e6c26-4ed3-4712-8aed-1de8f3e7fba2,secret,2,low,5,13977.155431,84.83365630821824,139.83984375,0.0,64.8203125,0
c74566b2-7f11-45a0-b3f1-fe6932d65a0a,secret,2,low,17,13509.479319,83.8742910251462,139.859375,0.0,64.8203125,0
876ba2fb-2304-4d04-a855-1d2aa41c5579,secret,3,none,19,6783.895569,64.71396788684852,382.453125,0.0,128.86328125,0
87163a2d-d082-4b78-af7f-c467e5669a7b,secret,2,low,7,15080.220708,85.11987489142257,139.82421875,0.0,64.8203125,0
2284a8fc-1dbb-4028-8c9e-fe7ee3268ccb,secret,0,none,4,4019.2577839999994,45.868369213314445,139.76171875,0.0,0.125,0
960e4a55-8119-4d4f-9d20-c23d4fd76d8e,secret,3,none,14,6707.507052999999,65.65624106247212,400.0,0.0,128.04296875,0
b203dac4-0c29-4c6f-84ec-b98a98522600,secret,2,none,4,15142.559095999999,84.97742632815016,139.80078125,0.0,1.0703125,0
14e10abe-fca2-4280-a245-38235eb5369e,secret,1,low,29,4099.660156999999,46.32881573749432,205.83984375,0.0,64.0,0
a2be7573-55a3-41c8-a0a5-40f4071d23b8,secret,2,low,1,15299.07824,85.46086760845274,139.74609375,0.0,64.8203125,0
bf16e9a9-9333-4d11-971d-0b8d61daca8d,secret,3,high,28,6570.1549,66.06238461744638,414.203125,0.0,140.0,0
0b8284bd-3c16-43e2-bd61-5ea1d06c7ce8,secret,3,none,5,6547.728656,66.15425329256344,400.26171875,0.0,128.04296875,0
67109022-a8f0-4368-a943-91bfb211504a,secret,2,none,7,14990.62355,84.95243681841373,139.91015625,0.0,1.0703125,0
4318855d-2469-48c8-9a81-f2aeed871fb1,secret,0,low,14,4016.0152030000004,45.92783908343187,139.87109375,0.0,64.0,0
3ed7a731-90b5-4659-8a96-8c9c39d116b3,secret,2,high,21,13410.385065,83.21926585931334,139.7578125,0.0,140.8203125,0
fa97e787-1fb3-45e8-963a-db6b1ffebac6,secret,2,none,14,16146.597853,86.30393923764494,139.9609375,0.0,1.0703125,0
e24cf3e7-c122-4c68-9fd6-678e6fa115a6,secret,2,none,6,14993.079534999999,85.28077884301038,139.9453125,0.0,1.0703125,0
28202a93-6fd2-44df-8a8d-e965f98e32bb,secret,1,none,0,4207.654175,47.89861324570477,139.7578125,0.0,0.125,0
446e709a-60ee-4516-806b-567f57fcc400,secret,1,high,21,4201.917419,49.06464821697155,139.86328125,0.0,140.0,0
f61e68a1-07ae-4a2c-9bf9-492638cbd0c5,secret,2,low,26,15125.909469,85.41032872421458,139.71875,0.0,64.8203125,0
d244e29d-5762-4bee-a121-cf4815c0b4e0,secret,1,high,23,4113.680077999999,47.41299670897743,139.8203125,0.0,140.0,0
d01ec9ac-ba94-432c-855d-f6ea6eb43670,secret,1,high,10,4192.960857,46.36182083013421,139.71484375,0.0,140.0,0
e084f395-e1a5-4d20-8fa6-fe11f12097b2,secret,1,low,7,4101.307175,46.45245817268003,139.828125,0.0,64.0,0
934e5fd2-1813-4224-85cc-d7150841e552,secret,3,high,14,6810.180056,64.49518168216844,351.40625,0.0,140.8203125,0
8ae4f8ac-a283-4287-b067-02b06fd8c020,secret,3,high,3,6552.371469,66.28302471170534,414.3984375,0.0,140.0,0
c2c03e7e-9f1d-4ce2-ae20-d155faaae9c0,secret,2,high,6,13860.552029,84.06431414579555,139.71875,0.0,140.8203125,0
fcc3e9c8-f254-42a7-89b9-f695b9cf82f9,secret,3,low,16,6682.121913999999,65.13134683881795,293.55078125,0.0,128.86328125,0
b40ecaf8-b786-46c5-ab93-80a057d398d5,secret,3,none,21,6728.755285,66.60853025805946,268.14453125,0.0,128.04296875,0
c0c96c36-45a7-4ed2-bf4e-c763709de210,secret,3,high,24,6735.702291,65.89982466907696,414.2734375,0.0,140.0,0
02e657f5-1daa-41b5-9320-87ce0bb5b255,secret,1,none,29,4280.075269,48.32195393804884,139.89453125,0.0,0.125,0
d628b464-fde4-4fb5-9285-040a882f1503,secret,0,high,9,4160.568174,46.7152782676648,139.9140625,0.0,140.0,0
c24a61d6-dc22-4cc0-b878-cb4eac075483,secret,2,none,3,15957.408469,84.98268391352288,139.90625,0.0,1.0703125,0
03aa9ab9-3b5b-4208-b5f3-135d324ee263,secret,3,low,24,6710.404815000001,66.68314540424637,400.01171875,0.0,128.04296875,0
8c326e33-ca77-4046-9da6-309dab772321,secret,2,high,11,16225.665711000001,85.19156160495115,283.88671875,0.0,140.8203125,0
40fd3eb6-972d-4456-951c-7511aa4ca30f,secret,2,none,13,16513.687269,85.62344538607843,139.94140625,0.0,1.0703125,0
90aadb44-42d1-408e-8a9e-f27684e01732,secret,3,none,1,6615.079401,66.22114013231328,311.0703125,0.0,128.86328125,0
2c1f4015-7bb8-4fbb-8331-533ceb4ce0dc,secret,0,high,27,4140.733483,46.99790527426225,139.76953125,0.0,140.0,0
ed80abb5-ccb4-4254-bcd7-2278a19b36fb,secret,1,high,14,4231.936904,46.02325233533302,139.8984375,0.0,140.0,0
d2fd8934-b370-44df-8c08-8248c3fc633e,secret,1,low,1,4692.910279000001,53.09656166132724,139.90234375,0.0,64.0,0
728fc41f-a3aa-4c28-8a64-2087696cf632,secret,1,high,16,4066.5597599999996,47.30487472290337,139.8125,0.0,140.0,0
13400d8b-a326-4c76-979b-bc561116f98b,secret,0,none,22,4092.320214,46.6111130178534,139.82421875,0.0,0.125,0
99d2b883-ff9e-446b-a62f-b872a501275d,secret,3,low,19,6686.808804,65.72266575606429,400.0078125,0.0,128.04296875,0
a8dcd73e-1a74-44f1-87a8-19f085e20c33,secret,2,high,24,15350.563557,85.23161349365435,139.953125,0.0,140.8203125,0
2f7763c7-de95-470c-ab06-83dcce980b8d,secret,1,high,2,4138.543773,47.02837777620384,139.875,0.0,140.0,0
f196a634-fc7f-47fc-aba0-cafd9b6198a0,secret,2,low,4,14505.745294,84.89414883834786,139.828125,0.0,64.8203125,0
e82d836d-bf8b-49f6-abcd-1b2321886069,secret,0,none,24,4112.185356,46.30978020534539,139.80859375,0.0,0.125,0
0a946b96-661a-45c0-add7-5d57f5da9d6b,secret,2,high,5,13925.737987999999,83.63400209048942,283.9453125,0.0,140.8203125,0
b9083c1c-de14-48ad-96f7-34a7fa20a2af,secret,1,none,16,4084.099215,46.55320304210582,139.90234375,0.0,0.125,0
1fe44f24-d30a-4239-8b12-6be3dabb7392,secret,3,none,23,6563.7749300000005,65.76886084666526,399.9765625,0.0,128.04296875,0
7620bea3-2c98-4f3c-8b0b-5d65c7948a35,secret,0,low,27,4093.6080549999997,46.91992917235942,139.875,0.0,64.0,0
37be2d2d-22c3-491f-bf60-aad424b4bdfa,secret,0,none,17,4028.8234740000003,47.175583945676735,139.7734375,0.0,0.125,0
b2e4d80c-3c5e-4234-bf0b-fc11e4b2c357,secret,1,none,18,4055.345986,47.03613468702939,139.953125,0.0,0.125,0
e1fe16bd-6b8d-461a-8f00-78a9b3bea0cf,secret,2,none,1,16059.244738,85.81004415103149,139.82421875,0.0,1.0703125,0
22c4f6c8-ecd5-4b2f-b0b3-3dd8e2865d54,secret,0,high,21,3324.991432,33.777049444138235,139.82421875,0.0,140.0,0
8191d056-4390-459e-851c-dec9777e3744,secret,1,high,6,4198.369036,46.777117093810425,139.9140625,0.0,140.0,0
30389933-0f64-499b-b950-1e91a6c08ded,secret,0,none,23,4222.473885,45.958484358986155,139.734375,0.0,0.125,0
7edbc54d-92b8-44f4-953f-fe1a4f27d288,secret,2,none,28,15867.404197999998,85.82836757707709,154.37109375,0.0,1.0703125,0
17c6a217-19d3-4725-a8c3-f0f090c05fc6,secret,3,high,22,6557.991643,66.20077054587365,414.20703125,0.0,140.0,0
83301682-201e-414e-8640-18258738c82c,secret,3,low,28,6545.684541,66.09741078874274,400.08203125,0.0,128.04296875,0
a68a3615-3dc5-4e89-ad99-01a546d0932a,secret,1,low,2,4149.727883,46.19967993212147,139.84765625,0.0,64.0,0
dece88ff-ecfc-404d-8dff-7e936121a06d,secret,0,high,1,4117.93667,46.929449257411726,139.94140625,0.0,140.0,0
6c0b34b9-7dbe-44f0-8050-45debc68ee7a,secret,1,none,5,4281.797462,48.0855299269174,139.72265625,0.0,0.125,0
ec33bec2-e79b-4c74-8065-319301233e54,secret,3,none,24,6739.03533,65.84150078940156,399.890625,0.0,128.04296875,0
839a9275-1778-4482-b7c1-770311a819b3,secret,1,low,4,4152.9917080000005,48.486419949288276,139.84765625,0.0,64.0,0
1650a557-98fc-4527-ae5a-c9e9885d5c89,secret,0,none,26,4177.662945,47.53255650690125,139.91015625,0.0,0.125,0
2fc77d40-b7a3-45c7-b735-4ce0fd7603d5,secret,0,none,27,4130.44601,46.00452337107295,139.8984375,0.0,0.125,0
533c85f7-e250-4038-a57b-1da54404b338,secret,3,high,5,7083.916279,65.8633278011952,414.34765625,0.0,140.8203125,0
a5159070-7ed8-41a5-bce0-129ffad6654a,secret,2,high,22,15370.209552,85.08155959590263,139.8359375,0.0,140.8203125,0
44f7abeb-3ce2-45b3-a3df-f12166eede99,secret,1,high,17,4412.813767000001,47.3116498958747,261.95703125,0.0,140.8203125,0
1258c9b9-8558-4590-a2ad-17a4eef2397c,secret,3,none,0,6683.313921,66.66466744888969,400.09765625,0.0,128.04296875,0
6bee5c26-34f4-49e7-8cf1-c0fa574b96eb,secret,0,high,7,4101.90675,47.47543322382938,139.8984375,0.0,140.0,0
70b540dd-c6b4-42dd-a1a2-b2e3f6e8d9f4,secret,1,high,9,4128.843895,47.367351484718704,139.77734375,0.0,140.0,0
43f08225-b49c-4831-b62b-7936bda4fb64,secret,1,low,6,4084.6329370000003,47.79322965147014,139.90625,0.0,64.0,0
1ac76219-81b1-4e41-8b8c-c72a9832205e,secret,1,low,19,4059.784421,47.23337007947989,139.9296875,0.0,64.0,0
9c33b7ba-f870-458f-8879-860430a8a86c,secret,0,low,24,4093.6803179999997,46.68429998299638,139.87109375,0.0,64.0,0
9af7514a-8550-478a-8787-a6b71bb3b565,secret,0,none,8,4088.759875,45.97663001669913,139.90234375,0.0,0.125,0
7b202834-ebb8-4c59-b9ff-3e04b6159ca6,secret,1,high,11,4119.157145,46.11440965066653,196.62890625,0.0,140.890625,0
33bdf604-089d-48d9-90bf-e7b0161fbe24,secret,2,low,8,15416.024335,85.6940201502348,139.85546875,0.0,64.8203125,0
15c2fc8a-070f-4a40-a330-abbad8408b34,secret,3,high,1,6332.483313,64.86009985321536,414.265625,0.0,140.0,0
51c8e700-0168-4d65-a600-2b120aaa85f2,secret,2,high,14,14621.655891999999,84.26884814558868,197.984375,0.0,140.8203125,0
c86952e1-46f0-4c67-a15c-50add21e6c6e,secret,2,low,16,13866.424381,84.06203127586218,139.765625,0.0,64.8203125,0
03173686-1a02-4614-a1c9-e1872f6f3e69,secret,1,high,1,4209.520463999999,49.70221710270323,139.71875,0.0,140.0,0
31976b6a-9b9f-4ecd-8dbe-e51740d04875,secret,3,high,10,6627.30149,65.90092523465385,414.3203125,0.0,140.0,0
f3da6d53-a8e3-4cfb-9e37-e2b6b08dd42b,secret,0,high,4,4156.017001,48.26854653186727,139.77734375,0.0,140.0,0
771233ab-2fd9-4c56-9d89-e2d985874dba,secret,1,none,27,4121.436895999999,46.26172978289366,139.9609375,0.0,0.125,0
6058d0e5-a369-49bf-9df9-63f9e4c99c80,secret,1,low,20,4189.27718,46.60522367249999,189.03515625,0.0,64.0,0
54986af1-0dfa-4ee0-aa2f-bef8f450e65f,secret,1,none,3,4294.127386,47.89755438335755,230.53125,0.0,0.125,0
9743ba59-4d52-422b-9327-620061312e23,secret,0,low,3,4068.014623,46.87448735358196,139.73828125,0.0,64.0,0
4d095e4c-00be-4e8b-9ea8-e2b054e26f6a,secret,2,low,6,13283.419574,83.54104105633063,139.84765625,0.0,64.8203125,0
8ab34bf9-ba36-4dc1-9a37-146906911fc8,secret,0,none,3,4077.786292,46.42528726220947,139.7265625,0.0,0.125,0
60600810-7de1-4b67-aa0c-090c58457bf4,secret,3,low,27,5162.79185,55.318809725013416,399.92578125,0.0,128.86328125,0
4fa1bd2f-7c1f-4be5-a28b-9e840b69208c,secret,3,none,22,6569.947282,65.70646330492124,399.953125,0.0,128.04296875,0
94405ed9-9097-4563-914d-e68a572223d5,secret,2,high,25,15769.620923,86.03007685627423,139.96875,0.0,140.8203125,0
7da7bfe8-2358-4d37-baa6-b96616e824fd,secret,1,none,20,4046.685471,46.34195104707707,139.8359375,0.0,0.125,0
c90b2b20-e68c-4390-9589-f934b421837e,secret,3,none,7,6542.800493,66.02454109095514,400.234375,0.0,128.04296875,0
76a4d5b7-54fe-4e25-a1da-c53b83ab2d50,secret,3,high,17,6557.514814,66.09930931068729,414.46484375,0.0,140.0,0
2a5ce840-96c1-4e05-a5cd-96552185bfc3,secret,0,high,20,4185.182027,44.04319783723472,264.28515625,0.0,140.8203125,0
50aa4ba1-2eb4-4b69-bc77-98b3f1f1a901,secret,3,high,11,6565.9394569999995,65.47532197264975,414.25,0.0,140.0,0
735f1952-7184-4e69-a5d2-2956b41ee076,secret,3,high,8,6544.835927,66.21296619709744,414.1953125,0.0,140.0,0
de65071b-c941-4d85-94fd-2fa0f106f1fa,secret,2,low,13,14168.507309,83.61667705443112,139.90625,0.0,64.8203125,0
5df783d5-219e-4b56-9cdb-2e29cf8fd029,secret,0,none,15,4559.749572000001,50.00336014067397,139.81640625,0.0,0.125,0
14e0ba8f-27f4-4c21-b160-c37162455701,secret,0,none,9,4064.464772,46.58943074239542,139.90625,0.0,0.125,0
3b744824-16a4-496c-b2c5-f4b1ff911e14,secret,0,none,0,4105.99346,47.46383595067879,139.765625,0.0,0.125,0
fe2dd169-9ea2-4cd1-9780-4b1fe6b9f100,secret,1,none,13,4242.218189,49.22658163634591,139.83203125,0.0,0.125,0
49140325-18b6-4b33-9444-ed09f2ab6bdd,secret,1,none,23,4080.7976799999997,47.74056821165415,139.95703125,0.0,0.125,0
fb5e523f-6b8c-48ce-a0e7-f71d0a7829e2,secret,3,high,20,6711.00809,66.34439923615113,414.13671875,0.0,140.0,0
fe6c48e4-23c9-4f4b-915b-74e38d374977,secret,2,low,21,16013.477466000002,86.10291568008878,166.5078125,0.0,64.8203125,0
687c6404-c5cb-460d-8905-5c5145e93547,secret,1,low,9,4162.5725139999995,47.074639382486446,139.83203125,0.0,64.0,0
8312f4f5-e2ba-4214-a2a1-b2cc29fc82a8,secret,1,none,28,4055.6905399999996,47.239378377226984,139.75390625,0.0,0.125,0
cb323970-21eb-4cb9-9a22-f338828c1caf,secret,0,none,28,4516.333744,51.63546655731827,139.7109375,0.0,0.125,0
1531a9af-13a5-44bf-a53e-9a8d4fad0acc,secret,0,none,29,3521.864245,38.365590096730145,140.0625,0.0,0.125,0
ec5915d4-104e-48c3-a677-5d49b11d4b5d,secret,1,low,23,4169.471273,46.71493991607602,139.90234375,0.0,64.0,0
2664ed73-2828-4e57-aa48-58103c0af33b,secret,0,low,6,4187.529493999999,47.88255229898567,139.76953125,0.0,64.0,0
a7bcc6fb-6297-4429-9ce5-b3ec252e8a9b,secret,0,none,25,4054.756081,46.8769998004721,139.7421875,0.0,0.125,0
db8c0aaa-d8bc-403a-b51b-075c9970a951,secret,1,high,12,4171.911126,48.02070177177595,139.71875,0.0,140.0,0
e59e449e-2ab9-4bdb-b7d6-035738bdabb3,secret,2,low,3,16410.221457,86.57846597152111,139.7265625,0.0,64.8203125,0
40c3c81b-cd8e-4483-8bbd-ae03624b455a,secret,1,high,5,4208.041947,48.30512684050486,139.80859375,0.0,140.0,0
6bf19cb7-ea27-4e8f-9603-3f11442e19be,secret,0,high,26,4172.374758,46.606719501201624,139.7734375,0.0,140.0,0
61b6ca40-b86d-4541-a16b-09e40230a178,secret,2,low,18,15222.251236,85.06145247016997,144.74609375,0.0,64.8203125,0
06504a39-2297-494c-b757-70827fd1150c,secret,3,high,25,5604.437122,60.30015015663156,414.1953125,0.0,140.0,0
468962af-b4b8-4845-9fe0-aa405f0c52df,secret,3,none,26,6598.43782,65.12065608886802,400.0703125,0.0,128.04296875,0
08fe3a00-abc1-43f2-9e12-78c7e1f23c79,secret,2,high,9,13465.568607,83.29197471965321,139.91796875,0.0,140.8203125,0
b23249c6-2d66-4b5c-9043-970162d7c255,secret,0,high,15,4065.2658510000006,47.12584785884892,139.9140625,0.0,140.0,0
f0321339-070f-48ec-9f4f-a037a8344a87,secret,1,none,4,4076.9484690000004,46.31949641647531,140.01953125,0.0,0.125,0
516e6b5c-61f8-43a9-bd99-c32b7ff52bc0,secret,3,low,4,6549.488514,66.12035414281819,399.96875,0.0,128.04296875,0
33d413ee-dc10-436b-a1a4-d87c92b82d04,secret,2,none,19,14987.373506999998,85.45858281317871,139.953125,0.0,1.0703125,0
9b5edd40-3f0a-4220-9659-a097abf71f37,secret,3,high,2,6573.683918999999,65.68082757250686,414.3203125,0.0,140.0,0
a38f1a8a-31f7-4ac6-a81c-ba969e4397cd,secret,0,high,3,4071.7929679999997,46.990601315857475,139.9140625,0.0,140.0,0
17c2933f-a9ec-40d2-8f91-0b3a4a587a6e,secret,3,none,25,6512.180421,66.04184346814492,399.84765625,0.0,128.04296875,0
b0f582de-f8aa-426a-a792-2dcb74fd0d1f,secret,3,high,21,7223.462042,68.79604227316018,414.12890625,0.0,140.0,0
0a99f359-7ced-4535-88ab-685c6a713633,secret,1,low,10,3990.4235940000003,45.27048212917117,139.82421875,0.0,64.0,0
4e65050c-be2e-4f45-9605-7029981f29df,secret,0,high,14,2534.2210569999997,15.92694523964726,139.875,0.0,140.0,0
caa627de-c130-42f2-866e-98b189094630,secret,3,none,6,6568.613,65.63374946887569,399.890625,0.0,128.04296875,0
ac6d381b-2172-4cfb-be85-3670fb6721c9,secret,1,high,26,3501.409867,37.90410293031827,157.703125,0.0,140.0,0
1bca3366-db83-4bc2-a351-f5024fba6f36,secret,3,low,21,6561.558593,65.56379767132562,399.8828125,0.0,128.04296875,0
b715d39a-3d77-45b5-b679-3e1b2836b54f,secret,3,low,3,5156.167806,55.82630566542892,268.171875,0.0,128.04296875,0
a72308e5-29e6-4844-906e-40eff3236869,secret,0,none,12,3947.421447,45.20388876531328,139.84375,0.0,0.125,0
4bdf5d0d-3fe0-49df-9b09-0fbdedf37dad,secret,2,low,10,14872.174507,85.16092918381729,163.70703125,0.0,64.8203125,0
7e0c9739-5c28-4985-9632-b4bab8a17703,secret,0,none,18,3954.299965,45.00508347246742,139.859375,0.0,0.125,0
a1bc2a6e-5853-47a9-9368-f01c217a6072,secret,1,low,12,3994.7884710000003,45.83792141418744,139.78515625,0.0,64.0,0
b0631c63-314a-4411-ba42-c3069a27cff9,secret,0,low,26,3949.679094,45.28955283271932,139.7890625,0.0,64.0,0
cc8461f3-3141-4aba-9b38-b47d963a6a58,secret,2,high,23,14674.601004,84.73955098752202,139.7421875,0.0,140.8203125,0
6a254233-60cf-49f0-91f5-7849706e4fe3,secret,2,high,13,14975.926486,85.30467889210497,139.82421875,0.0,140.8203125,0
0774d143-9c46-426a-ab7a-caf0f5777bb8,secret,1,high,22,3996.931531,45.62900279514446,139.75390625,0.0,140.0,0
a44005f6-2e74-4107-8efd-b28f2f5b925b,secret,0,high,22,4086.603663,45.536493221706394,283.98828125,0.0,140.0,0
38b02a2f-a710-405c-9f90-6c52901a887f,secret,1,none,14,3980.933714,45.18186257848352,139.85546875,0.0,0.125,0
e8536467-26e4-4251-b299-79618b2fddcb,secret,3,low,2,6601.933612,65.94814876790373,400.0,0.0,128.04296875,0
694dc55f-ff25-481b-af9d-6fbac53dd32c,secret,3,low,29,6867.294185000001,64.4322913916349,399.84765625,0.0,128.86328125,0
ab986f33-b014-4d37-b197-eb9aff23a0e9,secret,3,high,7,6824.066856,67.22752131254911,414.15234375,0.0,140.0,0
9296b593-0e77-4cbf-96aa-4045b1a327a6,secret,2,low,9,14793.914891,85.24880055699381,139.90234375,0.0,64.8203125,0
78e53c7e-d8bb-4667-a1a1-272676e46a30,secret,0,low,1,3384.562137,35.6584382601926,151.8203125,0.0,64.0,0
289c51d2-b31f-4728-8b1a-59b09a71a517,secret,1,low,26,3981.3663309999997,45.737866064251904,139.81640625,0.0,64.0,0
5e8be792-060d-4fe4-a278-a6b40ec6874a,secret,1,none,1,4070.753747,46.66585399325556,139.7109375,0.0,0.125,0
da4574b4-3d12-4067-8e56-ede07d834f48,secret,3,low,25,6547.199022,65.66582114815083,400.03515625,0.0,128.04296875,0
4c5e5b22-4d8a-4aff-a23d-ddc291a50057,secret,3,none,13,6577.166409,65.3438537622988,400.0703125,0.0,128.04296875,0
7ad1467b-dd50-44ae-a513-00148d844685,secret,3,high,15,6581.675123,66.44457403735636,308.1953125,0.0,140.828125,0
25f08308-650e-4b3f-b82e-f9b328af8825,secret,0,low,13,4097.799668000001,45.508300822088884,139.86328125,0.0,64.0,0
988a5088-d638-4ba1-a8f3-652e0ef5b32c,secret,3,low,11,6837.681278,66.81700731942189,399.9296875,0.0,128.04296875,0
d8f1b6f7-cf50-480e-884b-631d9b07e956,secret,1,none,11,4181.272093,45.77793449999238,139.76171875,0.0,0.125,0
f5e96e6b-bba3-443d-bb73-c396d22d10b8,secret,2,none,17,15395.02821,85.13414084870975,139.953125,0.0,1.0703125,0
e91332e7-3f0c-4c70-8643-15bdd35f60a0,secret,2,high,15,15222.606068,84.81648899225787,283.98046875,0.0,140.8203125,0
99b132ff-8c5c-4c27-be10-1d73e2c4732a,secret,1,none,19,4066.459064,46.18482494085671,139.8984375,0.0,0.125,0
a3a737fc-66f3-4f29-b9f5-29e6484689e9,secret,3,high,27,5251.923925,57.157530133112125,414.2734375,0.0,140.0,0
f9422bb4-91b4-49de-9b89-fa504f4fc828,secret,0,high,11,3943.907526,45.977371123584504,139.90234375,0.0,140.0,0
70b4d6e1-c3f3-4f35-a1e5-da1159fc8030,secret,1,high,3,3941.1061379999996,45.68557498717128,139.875,0.0,140.0,0
9359fca2-3353-4bb4-b864-4e49a6eb80db,secret,1,low,3,3963.640379,45.10404146329341,139.73046875,0.0,64.0,0
c8b9e683-aaf3-4d6d-98ce-57e95b846fd1,secret,3,low,8,6573.256151,65.51929365090704,399.9453125,0.0,128.04296875,0
a1153c14-a0cc-4689-b085-1ec40eaa0ad5,secret,1,low,17,3968.3701079999996,45.138304927479815,139.82421875,0.0,64.0,0
bd480a32-6e7d-4b41-9834-6548cfe50282,secret,2,low,15,15457.29384,86.11301653304146,186.265625,0.0,64.8203125,0
8c66511c-d329-4d4d-9762-bd4f49b8af79,secret,3,low,26,6834.653098000001,67.1250308423481,399.93359375,0.0,128.04296875,0
d44a530c-d99f-493a-be7d-2ee634b949cd,secret,3,low,7,6713.949997000001,66.15171399823578,400.0625,0.0,128.04296875,0
cd7142a0-a7b8-456d-b255-07f441224879,secret,3,low,9,6613.212306,66.2402293666814,400.0,0.0,128.04296875,0
1c159381-cf0a-4a17-a083-81d6dfd1e19c,secret,0,none,5,3934.30357,45.683587146276054,139.87109375,0.0,0.125,0
b0291aea-109c-4c41-a7d1-cbfabf04c513,secret,2,low,19,14752.659079000001,84.6897832661561,205.73046875,0.0,64.8203125,0
6e4fd6de-0a09-4952-b118-0eb9d88077d2,secret,0,high,10,3923.333562,46.060039796330734,139.74609375,0.0,140.0,0
137ced78-afc8-4e79-8acc-c5be0cf04837,secret,0,low,16,3941.7168039999997,45.31383376369014,139.859375,0.0,64.0,0
1df1b9b0-7843-467b-9a60-f20118fbafb3,secret,3,none,10,6654.795687,66.45624010124475,400.0,0.0,128.04296875,0
8fde4943-6f59-459c-9b9f-caa95fb77655,secret,3,low,15,6635.131974,66.05663635892589,400.2421875,0.0,128.04296875,0
5ff57763-2f0e-4d71-85c6-d8fac846c6b7,secret,2,none,22,15012.040962000001,85.09059515847596,139.87109375,0.0,1.0703125,0
a44060b2-f7ae-4d75-b691-31e991ae68fd,secret,2,high,27,13448.998459,83.23817594393851,284.01171875,0.0,140.8203125,0
421ff156-7e04-4161-b58d-36760c6af973,secret,0,low,21,4068.270008,45.96715548187873,139.734375,0.0,64.0,0
efc3afe5-1530-4817-9320-5187293f8242,secret,0,high,6,3978.207062,45.690482462875885,139.86328125,0.0,140.0,0
9f6f3bc6-26f7-4a4f-b85f-51884c2a6aa8,secret,0,low,10,3923.541007,45.652179926356,139.71484375,0.0,64.0,0
611c570f-7022-4b20-a532-0497b79f3c90,secret,2,none,12,14893.686468,85.14258727847957,139.84765625,0.0,1.0703125,0
3aaa0ece-44ae-48c8-a30b-b4fe0d5212a5,secret,1,low,21,4251.072488,49.06004322173298,198.5234375,0.0,64.828125,0
79335ad3-7689-4fbb-8cb1-2420c1fc91af,secret,3,low,6,6703.857612,66.06816934882119,400.08984375,0.0,128.04296875,0
292b0671-75fd-484d-89b4-db10a0488f1a,secret,1,none,26,4000.964741,45.22144325490321,139.89453125,0.0,0.125,0
4d132fd1-75af-47c9-a95d-fb932235fc29,secret,3,low,17,5263.734323000001,57.245043444416254,399.890625,0.0,128.04296875,0
987eb369-d78e-4a6b-9550-92c0e6492687,secret,0,low,29,3946.600543,45.563592778333025,139.90625,0.0,64.0,0
0e9f3ef0-7e0d-4aaa-a9d7-efcf9b73f2ac,secret,0,none,11,4176.040508,46.23891928971681,139.80859375,0.0,0.125,0
74322690-6de1-49bf-9671-3a2c789af2a6,secret,2,none,8,15093.598549999999,85.31597655351712,139.78515625,0.0,1.0703125,0
e3878b0a-4d83-4504-914d-5a34be28f77a,secret,2,low,25,15024.581495999999,85.71259707585536,139.76953125,0.0,64.8203125,0
113bd755-cc3f-44ca-8557-aa9543687cf7,secret,2,low,24,13864.273173000001,84.38691198601356,139.8359375,0.0,64.8203125,0
7f21ec1d-26c0-4786-a001-335f8919bddc,secret,3,none,28,6941.962271,63.22357899199248,400.08203125,0.0,128.86328125,0
c313ec0d-466c-4281-b3b8-5d2052b340e7,secret,3,none,2,6662.918187,66.70650719787984,400.0625,0.0,128.04296875,0
abb8e98e-5949-4d4b-a9ce-978858fc241f,secret,2,none,0,15214.223058,85.0522695156347,220.390625,0.0,1.0703125,0
16f99c69-3db1-45d4-b6fc-5d52265ca756,secret,1,low,27,4097.01281,47.05613795725477,139.71875,0.0,64.0,0
926b4fcf-fef2-47bb-9705-55da57fae04c,secret,1,low,16,4211.868485,46.833228697073146,139.765625,0.0,64.0,0
8379cc33-3e8a-4f8d-8777-0cd31b7f7a1d,secret,2,none,25,14981.962334,85.62931686783134,139.875,0.0,1.0703125,0
e3346ade-77e1-46bc-8774-db991674f319,secret,1,low,14,4057.3788339999996,46.47212097129011,139.8671875,0.0,64.0,0
841f2cb4-4d34-4ddd-83f9-ab649337cd9a,secret,1,high,18,2739.465421,19.513259627305953,139.765625,0.0,140.0,0
6c1090db-9117-42aa-99ca-14fac989426f,secret,0,high,18,4267.043909,49.066521101037026,284.1015625,0.0,140.0,0
e67e0a49-3b51-4545-908c-77aa78a9b950,secret,2,none,27,13590.3335,83.79912089721712,139.81640625,0.0,1.0703125,0
be04808f-2c22-4959-87c9-34304bc25a00,secret,2,low,28,13201.024592,83.44474266547144,139.85546875,0.0,64.8203125,0
d646b160-7d1b-4cd7-b8e6-059cd2121230,secret,0,high,25,4104.837479000001,48.17723016117491,283.8984375,0.0,140.0,0
2310d06a-fa18-4d4f-8c2c-dada0f582c51,secret,1,none,8,4137.754238,47.828287669317106,139.7421875,0.0,0.125,0
8022baac-7754-4456-8c45-158ca9d0c53d,secret,1,none,9,4060.8202359999996,46.58290419334879,139.76171875,0.0,0.125,0
5cc22685-d950-4b31-9fce-d167cb18a02c,secret,3,high,18,7082.714973,63.38974555823906,404.953125,0.0,140.8203125,0
2ceae53e-2260-45d1-b581-1688e875a6c9,secret,1,low,25,4087.2037819999996,46.73116638841475,139.84375,0.0,64.0,0
40df820b-34e9-40e9-93f5-3dd3f82f9768,secret,2,high,12,15165.916962000001,83.93656006356814,283.875,0.0,140.8203125,0
677d29b6-cf44-4bac-884b-d52e0daa0afb,secret,0,none,21,4078.3388389999996,45.60136058866589,139.94921875,0.0,0.125,0
d5d5b5fc-0cc8-44e1-8e1c-cda0c69b4ac3,secret,1,low,11,3989.763437,46.211135800731434,139.90625,0.0,64.0,0
6c11a5fe-8c44-4b34-9636-3a30eb9e2408,secret,0,low,17,4011.5710489999997,45.631299499389726,139.7734375,0.0,64.0,0
02ec0a8c-8b36-4737-83d1-4eab81eb988a,secret,0,low,4,4120.106822000001,46.82041226939819,139.86328125,0.0,64.0,0
59b3a6bf-e515-479b-80c8-142a5bad28cf,secret,3,low,12,6375.419134000001,63.61835849144032,400.1875,0.0,128.04296875,0
a2b1ab5a-2a75-4521-b37b-498e5c2aaf6f,secret,0,low,22,4208.138628000001,47.68840044021477,139.85546875,0.0,64.0,0
b746050d-d9f7-4dc8-83c0-ba0c39b69cf1,secret,2,high,7,13451.352014999999,83.37826552671628,229.32421875,0.0,140.8203125,0
7645dcbd-b23a-498e-8c00-67c877f8edc1,secret,2,none,21,15270.028986,85.62880929687844,139.75390625,0.0,1.0703125,0
bc3f4edd-1ead-42b1-b830-dbb8f3ea4de8,secret,3,low,18,6900.195684,65.01260551786984,400.08203125,0.0,128.86328125,0
3bd0ea83-db50-4793-b555-796bb76ce15b,secret,1,none,10,4373.914118,50.63329869432064,139.72265625,0.0,0.125,0
53fdbebd-7d03-41c1-8cd9-2af5d9f6b877,secret,2,low,11,15401.043222,85.71908934806312,139.90234375,0.0,64.8203125,0
186df4c1-1bed-4643-8ff3-8a820db0db82,secret,1,high,7,4085.070437,47.06988605592066,139.82421875,0.0,140.0,0
4a6272e8-0bca-472d-b8fb-a9debad89e7f,secret,3,low,22,6618.948944,65.03925376101225,399.96875,0.0,128.04296875,0
be22f248-6ddb-4766-9575-f941ce7c2866,secret,2,high,29,15372.467375999999,85.01060812399281,199.2578125,0.0,140.875,0
8626a0ec-8942-4074-8acb-8c1199a97a21,secret,1,none,21,4065.688679,46.52377861025104,139.81640625,0.0,0.125,0
6516664c-4ef5-49c8-8ef0-ad1e13113c6d,secret,0,high,19,4093.3980979999997,47.25763176919324,139.71875,0.0,140.0,0
995413a2-0968-4336-ba83-2f58dab77ee6,secret,2,high,28,15285.412601,85.17235576060456,139.95703125,0.0,140.8203125,0
74499a69-e37f-48a1-acf8-1d079559df89,secret,3,none,11,4612.666044,51.68993326758169,400.8984375,0.0,128.04296875,0
a7b6e466-05e0-4cf3-bd21-f8c45f68c8e2,secret,3,low,14,6571.807234999999,65.91987325690329,400.01953125,0.0,128.04296875,0
a9831567-cf1e-40e0-97c0-d73e762da08a,secret,2,none,15,15128.690819,85.39826184942805,139.8359375,0.0,1.0703125,0
65e1288b-ba33-4397-8032-162cbdd9e179,secret,2,low,22,15003.276953,85.44712625221909,139.9453125,0.0,64.8203125,0
071fe329-fb30-4d29-9a3f-2dbcad6fe685,secret,0,low,15,4236.56271,48.1773111768715,139.90234375,0.0,64.0,0
095d9443-cd0b-4635-b0a7-01cd71c3e7fe,secret,0,none,6,4220.99826,47.053632284605584,139.765625,0.0,0.125,0
55f37a5a-e179-4460-99fd-6e9e3248b4ba,secret,3,none,17,5285.15104,57.30740667725552,280.1953125,0.0,128.04296875,0
13cd8b44-7d31-4197-855f-0845298ffd1a,secret,3,none,29,6553.122692,65.7428405126525,399.93359375,0.0,128.04296875,0
631716a4-7b47-43e5-be91-16fd6aad08b8,secret,1,low,18,4060.999754,46.869123745334754,139.875,0.0,64.0,0
5623871d-471d-476f-98f3-3994aa26ff88,secret,3,low,23,6568.20971,65.451031404416,399.9296875,0.0,128.04296875,0
852ae35d-3e6f-4c13-bfa6-e3ddaeed4422,secret,0,high,5,4077.2202159999997,46.85523221196547,139.91796875,0.0,140.0,0
b0bb76cb-1f03-40b5-9864-e5b0f7f9ed5c,secret,3,high,16,6556.099766,66.25080695881528,414.38671875,0.0,140.0,0
674246d3-453f-4969-97f6-3a96d8c1782e,secret,1,low,24,4212.142504,48.84699409020754,139.76953125,0.0,64.0,0
b8d36334-d61d-40db-b775-6cadc9543f55,secret,3,low,5,6814.798578000001,66.57674395024503,298.390625,0.0,128.86328125,0
b83fcb41-603d-4003-8fb5-d2b2d8cebc20,secret,3,high,13,6947.444886,63.98404122582916,388.265625,0.0,140.83203125,0
ded80c29-c68f-4af9-85f1-028c165f5028,secret,1,low,28,4236.593944,48.17192836925795,139.90234375,0.0,64.0,0
441d4d0f-112b-4654-943c-949cc7a4dc8b,secret,3,low,20,6631.899168,65.9737262157361,399.9609375,0.0,128.04296875,0
ac7efd20-6bc9-4940-80b9-09cd8990fc00,secret,3,none,18,4958.318913,53.04753579088711,376.19140625,0.0,128.86328125,0
88c5fb5b-b231-467c-b04e-b3e2860d264f,secret,2,high,26,15274.905961,85.49266380652122,139.78515625,0.0,140.8203125,0
d00719c7-be60-46ec-8ebe-9cb79d0b8f14,secret,3,low,0,4915.359875,54.806505902072935,400.1875,0.0,128.04296875,0
7416da0c-03a4-4680-ae9b-d317bf659c08,secret,2,high,2,15591.509321,85.7862425287133,139.94140625,0.0,140.8203125,0
1ec38569-2bd9-4233-bebd-af0a9590e3a3,secret,2,high,10,13652.304947999999,83.79178492988348,139.9453125,0.0,140.8203125,0
d84358df-c8a7-4339-b15c-b3ebd3f060ae,secret,3,high,12,6544.350759,65.89657490575836,414.1484375,0.0,140.0,0
5bab356b-4fc2-4860-8067-1868ba6f623a,secret,3,none,4,5095.436882999999,53.33101091029647,333.640625,0.0,128.86328125,0
202bab93-f8c7-49b8-a806-9fd79bcc25b0,secret,2,none,18,13559.504298,83.19024613358324,139.90625,0.0,1.0703125,0
e5b42d9b-3bd3-4777-ae6c-e30136bbf63d,secret,0,high,16,4062.486861,47.47217815063353,139.70703125,0.0,140.0,0
7f009d9f-ff97-4e3b-bdb8-66139696ff98,secret,0,high,13,4108.784952999999,46.774582315308635,139.91796875,0.0,140.0,0
6fb5351b-591b-4314-9b75-493d3be37446,secret,0,none,20,4259.443014,48.04280731715407,139.91796875,0.0,0.125,0
0dfa4297-5688-41dd-9db4-c720ed833c8a,secret,1,high,29,4281.355171,49.5918445258089,139.8046875,0.0,140.0,0
a629e2a1-69f6-4da8-baa6-9024710f313d,secret,2,high,0,15307.409205,84.97437303597582,283.86328125,0.0,140.8203125,0
d7f8c966-3433-4f49-8102-92a035208e6a,secret,0,high,17,4319.586091,45.82214495328599,222.87890625,0.0,140.8203125,0
78028c36-e3b0-4baa-8edd-a19f908836a4,secret,1,high,15,4081.936926,47.330545156003225,139.953125,0.0,140.0,0
f10a96dd-9817-4d45-8d4d-77023b6a6745,secret,0,low,9,4151.93957,46.987196396020764,205.63671875,0.0,64.0,0
4dcd088e-1cd5-4718-af40-2ba6aeb5d57c,secret,1,none,2,4153.489205999999,48.19246904767327,139.953125,0.0,0.125,0
9ad80b9e-b971-473f-abf3-ecac20464ab1,secret,0,none,14,4219.739441,47.240476050047185,139.73828125,0.0,0.125,0
d050373d-b1c4-4576-b52e-91b1df0791ee,secret,1,high,4,3140.382935,31.02089841154993,139.8984375,0.0,140.0,0
8badc898-476a-4bc5-9de7-f7b27b22aece,secret,3,high,23,6914.61678,64.95023719882853,414.12109375,0.0,140.8203125,0
5a1c4773-ed93-495c-91b4-36dc81bddc6e,secret,3,high,4,7569.265377,63.8253352125799,414.2890625,0.0,140.8203125,0
d0317b3f-af8b-42e0-b71f-37b87ae5f24c,secret,0,high,23,4207.370642,48.060039679290036,139.90234375,0.0,140.0,0
359c49d0-4b1a-4459-9d43-143e652bbe3f,secret,0,none,13,4067.5757189999995,46.75362258449946,139.81640625,0.0,0.125,0
512fa2db-1ceb-4e97-a097-7d6becb3c6e5,secret,3,none,8,6794.029923,63.42940859608574,379.9375,0.0,128.86328125,0
71a5cc3b-eb2f-4ea1-a46c-c2e6061767d4,secret,2,high,18,14806.183057,84.90340117777188,139.7734375,0.0,140.8203125,0
9c7e55bf-340b-429a-962c-c7201b15aa8a,secret,2,high,8,15346.029221,85.56616054158887,139.88671875,0.0,140.8203125,0
eef7b185-e71f-43e6-9158-7aeb2be5082a,secret,2,none,9,15524.407787,85.70024172607108,139.73046875,0.0,1.0703125,0
eefdc47e-4f89-4cb1-8118-f67f864d36c8,secret,1,high,27,4107.635838,47.375791738819665,139.9609375,0.0,140.0,0
8a826fbd-9ac0-433e-a95d-6d888a4ce07e,secret,1,none,24,4273.605246,50.33221077246871,139.76953125,0.0,0.125,0
2e5c9a89-e207-4215-a1be-0ada6ce902ec,secret,0,none,1,4069.688189,46.559955259510915,139.81640625,0.0,0.125,0
82b274b5-3de4-4288-be79-d88ed3a02512,secret,3,low,10,6547.983192000001,66.20105569751743,400.23828125,0.0,128.04296875,0
a0913af0-7df4-4cae-9552-17589cb0953c,secret,1,none,7,4056.6889369999994,46.591814885312715,139.8984375,0.0,0.125,0
9d388762-61d7-4ed2-9e51-f84bf048a853,secret,2,none,24,15301.374788000001,85.51998876769163,139.82421875,0.0,1.0703125,0
3b90c4d7-5993-40db-b801-1d951ca6353f,secret,0,low,0,4130.864234,46.89895116993574,139.875,0.0,64.0,0
a0d14274-9c8e-4dfd-b89d-a6e228833fd0,secret,1,high,24,4125.926103000001,46.81947644664347,139.78515625,0.0,140.0,0
5fe33315-091e-47d1-b16a-aa19e1d31b37,secret,1,low,15,4098.744599,46.611223360101825,139.75390625,0.0,64.0,0
868c4e7f-5ed3-4861-a460-f59b84cb52ee,secret,3,high,0,6609.841764999999,65.76349562582911,416.2265625,0.0,140.0,0
d68416dd-3217-4877-a2a3-de376e20fd13,secret,2,low,12,15136.228178,85.23785350139163,139.796875,0.0,64.8203125,0
71d79e2b-0102-4635-9ba9-01e332dd151b,secret,3,none,3,5986.112354,62.48603064559185,400.02734375,0.0,128.86328125,0
5b414130-39eb-420d-9cf6-6be89ab2b5f8,secret,3,high,26,6925.243942,66.65864825357801,414.19140625,0.0,140.0,0
d4542f1d-4126-4143-ac20-ecab9617b994,secret,0,high,8,2659.390402,19.322586093923938,139.859375,0.0,140.0,0
e76779e6-3649-439d-bd2d-e7c7417ce83d,secret,2,none,29,13314.931827,83.16678706191321,139.9453125,0.0,1.0703125,0
cad11975-d2f2-46ea-bab5-81ec353fdee0,secret,3,high,9,6831.263468,66.02897137739264,302.1484375,0.0,140.828125,0
8ea0b9a7-ed76-4ff5-b438-9f9f840930b1,secret,2,none,11,15105.870575,85.74182425099984,139.95703125,0.0,1.0703125,0
497a860c-c97a-4498-abff-195e7fded0c3,secret,1,high,13,4101.783329,46.72067845346689,139.9453125,0.0,140.0,0
077eb91f-48f9-422d-b161-3148f41db443,secret,0,low,18,4080.6205489999998,46.696231054047956,139.71875,0.0,64.0,0
881cac2c-0eb2-4095-a896-58267f1d3321,secret,2,none,26,14772.76166,85.22717207366087,139.85546875,0.0,1.0703125,0
93fd717d-3ff7-4be2-b583-e832d11a0c22,secret,3,high,6,4842.7732399999995,52.34670042076965,395.90234375,0.0,140.8203125,0
81698bd8-a1ee-4195-916f-12269c22112b,secret,1,none,6,4048.056569,46.542654923061676,139.89453125,0.0,0.125,0
87f6d663-2f11-4f7c-9a5c-1eacc3bb903e,secret,2,low,0,13338.341879,83.12099135392089,139.89453125,0.0,64.8203125,0
36aafcf8-1924-4271-8cca-4d9c641e0d28,secret,2,none,5,14809.31526,85.31873201543284,139.8359375,0.0,1.0703125,0
bafc623c-2778-492c-9eeb-c5346f5d9849,secret,0,low,20,4048.9291019999996,46.64598841869274,139.76953125,0.0,64.0,0
2cee6fab-46a8-499d-a74e-2309df682fe2,secret,0,low,19,4062.0433040000003,45.54146427189344,205.73828125,0.0,64.0,0
b4abcf56-b887-4ae3-9180-7ee9caec8a8b,secret,0,none,10,3947.5069129999997,45.420515771494486,139.8046875,0.0,0.125,0
6e0e2fa5-4e81-4e85-88a9-06170a88db3f,secret,2,high,20,14958.849507,85.34525328318753,155.15234375,0.0,140.8203125,0
6f59526b-2a5f-4136-aee5-fe3f8d4ba565,secret,0,high,29,4271.975936999999,48.29638627245855,139.87890625,0.0,140.0,0
a9e5c2ea-e8b7-4144-9a2b-394a48a2669f,secret,0,low,8,4202.015915,47.156889456950104,139.765625,0.0,64.0,0
1ac69126-a385-4a2d-ac0f-f2513f2df0d3,secret,0,high,28,4070.0962379999996,47.16768075595563,139.9375,0.0,140.0,0
3fa5b5f6-5e39-4ad7-905c-86dc71aa092f,secret,0,low,7,4035.915088,47.03312529155965,139.8984375,0.0,64.0,0
223b5192-ec0f-4bb2-b5d0-c5989c3304bd,secret,1,none,25,4146.667274,46.24897232591418,139.83203125,0.0,0.125,0
068a4d19-062f-4d64-8f9f-0cd51992c2c5,secret,1,low,0,4127.4485939999995,47.36058985305439,139.859375,0.0,64.0,0
24e75f20-85d3-4e65-be97-1a83fe81d9a1,secret,2,high,1,15084.018758999999,85.59787153735931,139.75390625,0.0,140.8203125,0
42325005-1913-429d-8077-1b45b0fb2226,secret,3,none,16,6535.386363,65.8803437295724,399.8984375,0.0,128.04296875,0
27c7f76f-a07a-4d0f-9c1c-5e698e6a8eaa,secret,3,high,19,5777.951294,58.16563395904597,391.93359375,0.0,140.8203125,0
40d22ca5-d8f7-4eeb-9dc8-e19b52679fac,secret,2,none,16,13426.724402,83.45633428158303,139.7734375,0.0,1.0703125,0
88f519a0-baea-4e05-a5c1-b5b3bf908097,secret,1,low,22,4060.920295,45.75721425234228,139.88671875,0.0,64.0,0
320e251f-2f8e-48b8-8d74-872614e60953,secret,3,none,20,6803.501313,67.33340362919688,399.8828125,0.0,128.04296875,0
3b1d5333-eb17-4f0a-bc72-453ebeadb0f0,secret,3,none,27,6643.5245429999995,66.4212342626097,399.96875,0.0,128.04296875,0
f4c88c8d-7a66-45b4-b928-467c15c779d5,secret,0,none,19,4094.500055,47.892269475131314,139.7578125,0.0,0.125,0
3e5b8be3-4164-4bda-b6f3-d44907d7cd21,secret,0,low,23,4152.936175,46.898625886057594,139.86328125,0.0,64.0,0
32a175e4-394f-4318-9f4a-a49c6068c1e5,secret,3,low,1,6779.898706,64.08650318263324,399.89453125,0.0,128.86328125,0
23ac0702-9712-452a-b7d4-db5cf5fc647d,secret,2,high,17,14821.928482000001,85.57692081299572,139.828125,0.0,140.8203125,0
efb46643-708f-45d9-af42-ba8c0e57ebd5,secret,0,none,2,3958.236664,45.61756037536415,139.78515625,0.0,0.125,0
53f25a8f-3160-48a8-a0ec-02383b23d2ca,secret,0,low,28,4044.426831,46.82099786020334,139.76171875,0.0,64.0,0
adc8c32c-91a2-4e7d-b61d-340b8f22ac13,secret,0,high,12,4186.365971,47.28874670092717,139.765625,0.0,140.0,0
1046b985-0aa2-45ad-b66f-deebc0f8c7f6,secret,2,none,10,13324.985203,83.41356354750468,139.86328125,0.0,1.0703125,0
08562464-84ef-467c-858f-867e964eaa2e,secret,2,low,20,13161.312181,82.92500663995914,139.95703125,0.0,64.8203125,0
7a240b48-7467-4572-8221-a001b59a3eab,secret,2,none,2,15056.66628,85.06104048418878,209.95703125,0.0,1.0703125,0
c788f03d-b803-498b-bddf-f92d5b8f65b5,secret,2,high,4,15344.197825,85.63086939997791,139.875,0.0,140.8203125,0
9538a058-05f5-422d-8e76-cf8e56333f8d,secret,3,high,29,6824.840732000001,66.3353501975905,414.1484375,0.0,140.828125,0
45b638b8-9525-401a-810a-20e074a5ffef,secret,1,high,8,4089.0903,47.53389769846854,139.76171875,0.0,140.0,0
18cabae7-9139-4d05-8eee-1a487d017947,secret,1,high,0,4195.133024999999,47.81660052365086,139.73046875,0.0,140.0,0
074a763b-9666-45ed-8130-3606c5f28133,secret,0,low,11,4035.98806,47.307895157648204,139.7109375,0.0,64.0,0
3e0f0a08-326f-452c-9073-4368355f1ae1,secret,1,none,15,4049.098387,47.03837294038072,139.89453125,0.0,0.125,0
b6fe0a33-6bca-43d5-bee6-7b63b03be716,secret,1,high,28,4085.743347,46.997298579949195,139.953125,0.0,140.0,0
ac946a50-1e0a-4cdc-b861-03549761c2cb,secret,0,high,2,4047.819706,47.174284891432855,139.921875,0.0,140.0,0
bcc55828-dc27-42c3-b9c1-578008afe0b8,secret,2,low,29,14863.781889,84.59359195323833,203.94921875,0.0,64.8203125,0
9443a8d7-c73a-403d-bdb3-dd289ccdc1e2,secret,2,none,20,14824.078548,84.71997742952058,139.76953125,0.0,1.0703125,0
8dd4c230-9ad4-46ae-ad52-2e15c05ad8ab,secret,2,low,23,15264.08458,85.50846879544741,139.79296875,0.0,64.8203125,0
ee5efb94-177c-4fe9-aa24-71e69c2a5abb,secret,0,high,24,4158.5882520000005,47.072945946464905,283.98828125,0.0,140.0,0
63e82926-8f1c-4cb0-b0ae-01ac659d7a12,secret,1,high,20,2881.1276669999997,23.825775159584417,139.9609375,0.0,140.0,0
b4282301-69e2-47d8-9939-68edd0edadb7,secret,0,low,12,4033.0820120000003,46.72654794504089,139.86328125,0.0,64.0,0
f1b471dc-c333-4618-9eff-aeda38461f4a,secret,2,high,19,13116.827304999999,83.29967869467197,284.0625,0.0,140.8203125,0
d8ca2f34-4cb4-4a21-9c4d-e0ca2c48d334,secret,1,high,19,3168.0186350000004,32.08317617740276,139.83203125,0.0,140.0,0
0762ac91-d608-42fc-96b4-89929c5daf83,secret,1,none,17,4064.131917,46.29241959716634,139.83984375,0.0,0.125,0
f3d84942-6783-4b77-a254-148e49b2cfd3,secret,3,none,9,6506.571752,66.1720820749661,400.08203125,0.0,128.04296875,0
930937e8-781a-4b27-b964-50213e11e505,secret,0,low,2,4239.383984,48.81176151558533,139.828125,0.0,64.0,0
b5fa4e05-b727-48f7-8f5a-faafa4004f1c,secret,0,none,16,4018.5418689999997,46.54608713745866,139.765625,0.0,0.125,0
